time,tavg,tmin,tmax,prcp,snow,wdir,wspd,wpgt,pres,tsun
2019-01-01,19.6,12.0,25.0,,,,10.7,,1017.0,
2019-01-02,20.9,15.7,26.0,,,,11.5,,1016.7,
2019-01-03,21.0,15.5,27.0,,,,13.5,,1016.5,
2019-01-04,18.7,15.4,23.0,7.1,,,11.5,,1017.3,
2019-01-05,19.3,15.7,24.0,0.0,,,17.9,,1016.8,
2019-01-06,20.3,15.5,25.2,,,,11.3,,1015.0,
2019-01-07,21.3,15.0,27.0,,,,14.9,,1014.2,
2019-01-08,19.4,14.6,25.2,,,,14.6,,1014.7,
2019-01-09,21.4,15.5,27.0,,,,16.9,,1014.6,
2019-01-10,21.0,17.0,26.0,,,,14.4,,1014.6,
2019-01-11,21.7,18.0,27.0,,,,18.9,,1014.6,
2019-01-12,20.9,17.0,25.0,,,,15.0,,1014.5,
2019-01-13,20.7,13.2,25.0,,,,14.1,,1014.8,
2019-01-14,21.2,16.0,25.6,,,,13.3,,1015.1,
2019-01-15,21.4,18.0,26.0,,,,16.8,,1015.6,
2019-01-16,21.1,16.6,28.0,,,,11.3,,1015.8,
2019-01-17,22.0,13.5,28.0,,,,12.4,,1014.4,
2019-01-18,22.2,15.2,27.0,,,,11.3,,1014.0,
2019-01-19,22.1,14.4,28.0,,,,13.3,,1014.4,
2019-01-20,22.6,16.0,28.7,,,,12.9,,1015.0,
2019-01-21,22.1,13.9,28.0,0.0,,,7.2,,1015.6,
2019-01-22,21.4,16.0,27.0,0.0,,,13.2,,1014.7,
2019-01-23,21.6,15.7,27.5,,,,13.8,,1014.5,
2019-01-24,21.2,15.2,28.2,,,,18.0,,1015.4,
2019-01-25,21.9,12.5,29.2,,,,17.5,,1015.4,
2019-01-26,21.9,16.6,28.0,,,,13.5,,1015.8,
2019-01-27,21.6,15.0,28.1,,,,14.6,,1015.4,
2019-01-28,21.3,17.6,27.0,,,,17.0,,1015.5,
2019-01-29,21.1,14.7,28.0,,,,10.6,,1015.4,
2019-01-30,21.9,15.0,29.0,,,,13.7,,1015.3,
2019-01-31,22.6,16.1,29.0,,,,20.5,,1015.0,
2019-02-01,22.6,15.5,29.0,,,,16.7,,1015.4,
2019-02-02,22.2,11.6,29.0,,,,17.0,,1014.1,
2019-02-03,22.3,14.0,29.2,,,,13.9,,1014.0,
2019-02-04,22.6,16.0,29.0,,,,19.9,,1014.1,
2019-02-05,21.1,15.0,27.5,,,,21.2,,1015.5,
2019-02-06,19.9,12.5,27.5,,,,18.4,,1015.2,
2019-02-07,20.7,12.9,27.7,,,,15.5,,1015.1,
2019-02-08,21.6,17.0,27.0,,,,18.0,,1014.4,
2019-02-09,21.7,16.4,27.2,,,,20.9,,1014.0,
2019-02-10,20.9,17.0,26.0,,,,23.1,,1014.8,
2019-02-11,19.9,14.4,29.0,,,,18.5,,1014.9,
2019-02-12,19.6,11.4,26.5,,,,18.3,,1014.4,
2019-02-13,19.6,13.5,25.4,,,,20.2,,1016.0,
2019-02-14,20.0,14.0,28.0,,,,17.1,,1016.9,
2019-02-15,22.5,15.3,28.0,,,,16.3,,1016.7,
2019-02-16,21.1,17.3,26.6,,,,17.2,,1016.9,
2019-02-17,21.1,17.9,26.6,2.0,,,17.1,,1015.7,
2019-02-18,22.3,17.0,30.7,0.0,,,11.8,,1013.3,
2019-02-19,24.1,14.0,28.7,,,,15.5,,1012.8,
2019-02-20,21.2,15.5,28.7,,,,19.6,,1014.4,
2019-02-21,20.1,15.5,27.0,,,,21.7,,1016.4,
2019-02-22,21.2,17.0,27.2,,,,18.3,,1015.5,
2019-02-23,20.7,16.5,29.0,,,,17.8,,1014.6,
2019-02-24,24.3,16.0,29.0,,,,13.5,,1015.1,
2019-02-25,22.4,17.1,26.9,,,,13.7,,1014.6,
2019-02-26,22.5,14.0,30.0,,,,15.6,,1014.2,
2019-02-27,21.8,15.0,29.0,,,,13.5,,1014.2,
2019-02-28,22.9,12.8,30.0,,,,13.8,,1014.0,
2019-03-01,21.7,12.4,32.0,,,,13.1,,1012.7,
2019-03-02,25.5,14.2,31.0,,,,11.1,,1013.0,
2019-03-03,23.7,16.6,32.0,,,,14.4,,1013.7,
2019-03-04,22.3,14.6,30.0,2.0,,,13.2,,1014.0,
2019-03-05,21.6,17.0,29.0,0.0,,,15.2,,1014.5,
2019-03-06,21.9,13.4,31.0,,,,15.1,,1014.3,
2019-03-07,23.9,17.0,31.0,,,,14.9,,1013.6,
2019-03-08,23.6,14.0,30.5,,,,14.8,,1013.4,
2019-03-09,21.7,15.0,30.0,,,,18.7,,1015.3,
2019-03-10,22.4,14.7,30.0,,,,20.1,,1015.7,
2019-03-11,22.5,13.3,29.0,,,,17.5,,1015.1,
2019-03-12,22.1,13.2,30.0,,,,17.8,,1015.1,
2019-03-13,19.8,13.8,30.5,,,,20.0,,1015.6,
2019-03-14,21.7,16.1,28.0,,,,21.5,,1015.7,
2019-03-15,21.9,16.5,28.0,,,,16.7,,1015.0,
2019-03-16,21.8,16.2,29.0,,,,18.1,,1014.7,
2019-03-17,23.6,18.0,30.0,,,,17.6,,1014.5,
2019-03-18,23.6,16.5,30.0,,,,15.6,,1014.5,
2019-03-19,23.5,18.0,29.5,,,,19.6,,1013.8,
2019-03-20,23.6,15.8,27.9,,,,15.3,,1013.1,
2019-03-21,23.9,18.0,30.2,,,,15.2,,1013.3,
2019-03-22,23.9,17.0,30.1,,,,16.8,,1013.8,
2019-03-23,18.9,16.0,29.0,,,,18.6,,1013.4,
2019-03-24,21.7,17.0,29.0,,,,18.0,,1013.2,
2019-03-25,22.4,15.5,31.0,,,,13.6,,1012.8,
2019-03-26,24.5,17.6,32.0,,,,10.7,,1013.7,
2019-03-27,23.2,17.2,29.0,,,,19.2,,1016.8,
2019-03-28,20.2,15.4,27.7,,,,18.1,,1017.4,
2019-03-29,21.9,17.0,30.0,,,,17.4,,1015.4,
2019-03-30,23.2,18.0,29.0,,,,13.8,,1014.9,
2019-03-31,23.6,18.0,30.0,,,,16.7,,1014.4,
2019-04-01,22.9,18.0,30.0,,,,15.0,,1014.4,
2019-04-02,22.1,17.1,30.5,,,,15.9,,1014.4,
2019-04-03,23.2,16.7,28.1,,,,14.6,,1013.9,
2019-04-04,22.2,17.6,27.5,,,,15.9,,1014.7,
2019-04-05,21.9,17.0,27.2,,,,15.1,,1015.4,
2019-04-06,22.4,17.5,28.0,,,,20.3,,1015.0,
2019-04-07,22.9,18.0,27.1,,,,19.4,,1014.7,
2019-04-08,23.7,19.0,30.0,,,,13.9,,1013.6,
2019-04-09,22.9,18.0,29.5,,,,10.3,,1012.6,
2019-04-10,23.3,18.0,30.0,,,,15.7,,1013.3,
2019-04-11,22.7,18.5,28.0,,,,14.0,,1013.6,
2019-04-12,21.3,16.7,27.5,,,,17.6,,1013.6,
2019-04-13,23.1,18.2,29.0,,,,15.2,,1013.5,
2019-04-14,23.2,18.0,29.0,,,,20.1,,1014.3,
2019-04-15,23.1,16.1,27.5,,,,16.4,,1014.8,
2019-04-16,23.2,17.6,30.0,,,,15.6,,1015.0,
2019-04-17,21.5,13.9,28.6,,,,15.0,,1015.1,
2019-04-18,21.9,16.2,30.0,,,,13.4,,1015.1,
2019-04-19,23.1,17.9,28.4,,,,14.2,,1014.9,
2019-04-20,23.5,18.0,30.2,,,,11.9,,1014.0,
2019-04-21,22.8,18.0,31.0,,,,12.0,,1012.9,
2019-04-22,19.7,14.8,28.9,,,,10.8,,1012.8,
2019-04-23,18.3,14.3,27.6,,,,11.0,,1014.4,
2019-04-24,20.6,17.0,26.2,,,,8.6,,1014.9,
2019-04-25,20.8,16.7,27.0,,,,8.6,,1014.9,
2019-04-26,20.8,17.0,25.5,,,,10.4,,1014.7,
2019-04-27,20.6,17.0,26.0,,,,2.3,,1015.3,
2019-04-28,21.6,15.2,25.7,,,,8.6,,1015.8,
2019-04-29,21.5,17.0,26.0,,,,12.4,,1016.3,
2019-04-30,19.3,15.9,24.5,,,,13.2,,1016.7,
2019-05-01,21.2,13.9,25.1,,,,13.0,,1016.2,
2019-05-02,21.7,13.1,25.7,,,,11.8,,1016.2,
2019-05-03,21.2,16.6,25.0,,,,11.3,,1015.8,
2019-05-04,20.6,17.0,25.0,,,,10.7,,1015.7,
2019-05-05,20.9,17.0,25.5,,,,14.5,,1016.5,
2019-05-06,19.1,15.7,25.1,,,,11.7,,1016.5,
2019-05-07,20.8,15.1,25.1,,,,12.2,,1016.3,
2019-05-08,20.2,17.0,26.0,,,,8.7,,1015.6,
2019-05-09,20.3,16.0,26.2,,,,6.6,,1014.5,
2019-05-10,20.4,16.5,24.7,,,,12.6,,1015.1,
2019-05-11,20.0,16.0,25.0,6.1,,,13.4,,1016.0,
2019-05-12,20.0,16.0,25.0,0.0,,,11.3,,1015.7,
2019-05-13,20.3,16.0,26.0,,,,10.9,,1015.5,
2019-05-14,20.4,15.5,23.8,,,,13.1,,1015.1,
2019-05-15,20.9,16.1,23.8,,,,13.1,,1015.7,
2019-05-16,20.8,17.0,26.0,,,,10.9,,1015.8,
2019-05-17,20.6,17.0,26.0,,,,10.8,,1016.1,
2019-05-18,18.6,16.7,21.0,18.0,,,10.5,,1016.0,
2019-05-19,18.5,16.0,22.0,39.9,,,10.4,,1016.2,
2019-05-20,17.8,15.0,23.5,0.0,,,9.3,,1016.9,
2019-05-21,19.7,15.7,25.0,,,,9.7,,1016.5,
2019-05-22,19.4,15.5,24.0,,,,5.5,,,
2019-05-23,19.1,16.0,23.0,,,,4.6,,,
2019-05-24,18.9,15.7,23.5,,,,10.6,,1017.0,
2019-05-25,18.3,14.5,22.7,,,,3.9,,1017.5,
2019-05-26,18.3,16.0,22.0,,,,8.4,,1016.7,
2019-05-27,18.8,16.0,23.0,,,,8.0,,1015.6,
2019-05-28,17.7,14.5,23.5,0.5,,,9.8,,1015.8,
2019-05-29,18.6,16.5,22.0,0.0,,,4.0,,1016.2,
2019-05-30,19.7,14.5,26.0,,,,8.9,,1015.0,
2019-05-31,19.7,14.6,26.0,20.1,,,6.4,,1014.0,
2019-06-01,20.4,17.0,27.0,0.0,,,5.2,,1014.2,
2019-06-02,18.8,17.0,24.0,,,,4.9,,1014.8,
2019-06-03,18.9,16.0,24.0,,,,6.0,,1015.5,
2019-06-04,18.9,14.0,22.6,,,,8.2,,1016.6,
2019-06-05,17.1,14.5,22.3,1.0,,,6.0,,1016.2,
2019-06-06,17.8,15.0,23.0,16.0,,,4.5,,1015.6,
2019-06-07,18.5,15.6,22.2,0.0,,,4.9,,1017.0,
2019-06-08,18.4,15.7,23.0,,,,9.0,,1018.3,
2019-06-09,17.0,16.6,22.6,,,,5.4,,1019.1,
2019-06-10,15.2,13.9,19.0,1.0,,,10.3,,1018.0,
2019-06-11,16.7,13.1,22.0,0.0,,,9.9,,1018.6,
2019-06-12,17.9,14.7,21.0,,,,1.7,,1018.3,
2019-06-13,18.6,14.1,23.1,,,,10.4,,1018.3,
2019-06-14,18.9,15.0,23.1,,,,8.7,,1018.1,
2019-06-15,16.2,15.0,21.6,,,,10.8,,1017.8,
2019-06-16,16.1,13.0,23.6,,,,10.5,,1017.8,
2019-06-17,18.8,12.7,23.6,,,,5.3,,1019.7,
2019-06-18,17.5,14.5,22.0,,,,4.7,,1019.3,
2019-06-19,19.6,15.0,25.0,,,,4.1,,1018.4,
2019-06-20,19.0,12.1,24.1,,,,5.5,,1017.6,
2019-06-21,17.2,15.0,19.0,,,,7.3,,1018.2,
2019-06-22,18.7,14.0,24.0,,,,4.9,,1016.6,
2019-06-23,19.0,15.0,23.0,,,,2.1,,1015.6,
2019-06-24,19.0,16.0,22.0,,,,4.6,,1015.8,
2019-06-25,16.1,13.5,21.2,,,,10.1,,1016.5,
2019-06-26,16.8,14.0,23.0,,,,8.4,,1018.5,
2019-06-27,18.3,15.0,23.0,,,,7.5,,1018.0,
2019-06-28,17.9,15.0,21.5,,,,7.4,,1017.0,
2019-06-29,19.2,14.0,25.1,,,,8.8,,1017.2,
2019-06-30,18.8,12.0,25.5,,,,5.8,,,
2019-07-01,19.5,13.8,25.0,,,,8.4,,,
2019-07-02,19.6,14.5,25.0,,,,4.1,,1015.9,
2019-07-03,18.5,15.5,22.0,,,,4.6,,1016.7,
2019-07-04,19.2,14.0,24.0,,,,9.0,,1016.9,
2019-07-05,19.2,15.0,24.0,,,,5.0,,1016.2,
2019-07-06,18.4,14.4,24.0,,,,3.8,,1015.9,
2019-07-07,18.0,15.0,23.0,,,,4.2,,1016.8,
2019-07-08,18.9,13.0,25.0,,,,7.9,,1017.6,
2019-07-09,18.9,12.5,26.2,,,,7.1,,1017.8,
2019-07-10,19.2,14.4,25.5,,,,9.2,,1016.3,
2019-07-11,19.0,15.5,26.0,,,,8.3,,1016.5,
2019-07-12,19.6,15.0,26.0,,,,7.0,,1017.3,
2019-07-13,17.9,13.0,24.0,,,,5.7,,1018.2,
2019-07-14,18.4,12.5,25.0,,,,10.0,,1018.2,
2019-07-15,18.3,14.0,23.0,,,,9.6,,1018.5,
2019-07-16,17.2,14.0,21.0,0.0,,,9.0,,1019.7,
2019-07-17,17.4,14.0,22.0,0.0,,,11.5,,1021.0,
2019-07-18,17.8,14.0,23.0,,,,10.5,,1023.8,
2019-07-19,17.8,14.0,23.0,,,,8.2,,1018.4,
2019-07-20,17.6,14.7,23.0,,,,3.5,,1017.0,
2019-07-21,19.3,13.0,26.0,,,,6.9,,1015.9,
2019-07-22,18.2,14.0,24.0,,,,7.0,,1016.6,
2019-07-23,18.7,12.0,25.0,,,,3.5,,1015.6,
2019-07-24,19.2,13.0,25.0,,,,5.2,,1015.7,
2019-07-25,19.4,10.8,27.0,,,,9.8,,1016.2,
2019-07-26,18.6,13.1,27.0,,,,8.0,,1015.9,
2019-07-27,17.8,11.0,25.0,,,,10.6,,1015.9,
2019-07-28,17.9,11.0,25.0,,,,3.4,,1016.1,
2019-07-29,18.4,11.1,24.0,,,,7.1,,1015.8,
2019-07-30,16.2,13.8,21.0,,,,8.8,,1016.3,
2019-07-31,16.8,14.0,24.0,0.3,,,9.3,,1017.1,
2019-08-01,19.5,15.7,24.7,0.0,,,8.4,,1017.6,
2019-08-02,17.6,13.0,22.5,,,,6.3,,1018.1,
2019-08-03,18.2,14.0,24.0,,,,9.7,,1018.7,
2019-08-04,17.9,11.0,25.5,,,,5.3,,1018.8,
2019-08-05,19.0,12.0,27.0,,,,8.2,,1017.8,
2019-08-06,19.7,12.5,27.0,,,,9.8,,1017.8,
2019-08-07,19.6,16.0,25.0,0.5,,,8.4,,1023.1,
2019-08-08,19.4,14.2,26.0,0.0,,,10.9,,1018.1,
2019-08-09,16.7,10.2,26.0,,,,8.4,,1018.4,
2019-08-10,17.3,13.5,25.0,,,,11.2,,1019.5,
2019-08-11,17.0,14.0,22.0,,,,7.2,,1019.0,
2019-08-12,17.8,13.0,24.0,,,,6.2,,1023.0,
2019-08-13,18.8,14.0,25.0,,,,7.0,,,
2019-08-14,17.9,13.6,24.0,,,,6.9,,,
2019-08-15,17.0,12.0,21.0,,,,6.9,,1020.0,
2019-08-16,17.2,14.0,20.1,,,,10.2,,1019.2,
2019-08-17,18.3,11.2,24.0,,,,8.6,,1017.6,
2019-08-18,18.2,13.2,24.2,,,,10.4,,1017.1,
2019-08-19,17.0,14.5,20.0,,,,4.4,,1017.9,
2019-08-20,17.9,12.0,24.0,,,,7.8,,1017.5,
2019-08-21,18.3,13.0,24.0,,,,11.1,,1018.3,
2019-08-22,19.1,14.0,25.0,,,,7.3,,1017.6,
2019-08-23,19.4,15.0,25.0,,,,7.4,,1018.2,
2019-08-24,17.5,14.7,22.0,,,,2.1,,1019.8,
2019-08-25,18.5,13.5,25.0,2.0,,,13.2,,1018.9,
2019-08-26,18.9,14.0,25.0,0.0,,,11.1,,1018.8,
2019-08-27,19.4,15.0,26.0,,,,5.9,,1022.7,
2019-08-28,18.6,11.4,26.7,,,,7.1,,1017.0,
2019-08-29,18.2,12.1,25.0,,,,4.3,,1017.2,
2019-08-30,18.7,15.6,23.5,,,,8.5,,,
2019-08-31,18.8,15.7,25.6,,,,4.7,,1014.9,
2019-09-01,19.2,15.7,26.0,5.1,,,4.6,,1014.5,
2019-09-02,18.3,12.6,24.0,0.0,,,9.7,,1016.3,
2019-09-03,17.7,14.6,25.0,,,,11.5,,1018.0,
2019-09-04,18.2,14.0,23.0,,,,6.8,,1017.2,
2019-09-05,18.2,13.5,22.0,,,,6.5,,1017.1,
2019-09-06,19.3,14.6,26.7,,,,8.4,,1018.2,
2019-09-07,17.7,15.0,22.0,,,,7.0,,1018.5,
2019-09-08,16.8,13.4,20.0,,,,2.5,,1019.0,
2019-09-09,18.4,14.5,25.0,,,,10.2,,1018.5,
2019-09-10,18.4,13.5,24.0,,,,10.3,,1018.6,
2019-09-11,19.0,15.0,26.0,,,,8.5,,1018.1,
2019-09-12,19.7,12.2,27.0,,,,8.0,,1017.9,
2019-09-13,17.3,10.5,27.2,,,,11.6,,1017.5,
2019-09-14,19.6,13.0,28.7,,,,14.1,,1016.7,
2019-09-15,20.6,16.0,27.0,,,,12.0,,1016.6,
2019-09-16,20.2,15.0,26.2,,,,11.9,,1016.4,
2019-09-17,20.0,11.9,27.7,,,,13.6,,1016.6,
2019-09-18,19.9,15.0,28.0,,,,9.1,,1015.9,
2019-09-19,19.5,10.5,27.0,,,,10.8,,1017.0,
2019-09-20,18.4,11.0,25.0,,,,12.4,,1016.9,
2019-09-21,20.1,14.1,28.0,,,,8.4,,1016.2,
2019-09-22,19.2,11.0,27.5,,,,12.1,,1016.2,
2019-09-23,18.9,14.6,27.0,,,,10.9,,1016.8,
2019-09-24,19.3,16.0,24.0,,,,7.6,,1016.1,
2019-09-25,20.2,16.5,27.0,,,,9.2,,1015.4,
2019-09-26,19.1,17.0,24.0,,,,9.0,,1017.2,
2019-09-27,18.6,14.5,24.0,,,,10.5,,1017.4,
2019-09-28,21.2,14.0,28.0,,,,12.8,,1015.6,
2019-09-29,20.9,15.0,28.0,,,,12.2,,1014.5,
2019-09-30,22.1,17.0,29.0,,,,11.6,,1013.9,
2019-10-01,20.9,17.0,29.0,5.1,,,12.7,,1014.2,
2019-10-02,19.7,14.0,26.0,0.5,,,12.5,,1015.3,
2019-10-03,20.7,17.0,26.0,0.0,,,17.3,,1016.0,
2019-10-04,18.8,16.0,22.7,,,,14.9,,1016.2,
2019-10-05,19.3,15.5,25.0,,,,11.8,,1015.8,
2019-10-06,17.4,14.4,22.5,3.0,,,13.2,,1016.1,
2019-10-07,18.1,14.4,25.0,14.0,,,10.6,,1015.3,
2019-10-08,20.1,12.8,27.0,0.0,,,12.3,,1014.7,
2019-10-09,20.9,15.0,27.0,9.9,,,16.0,,1015.1,
2019-10-10,18.9,14.0,24.0,4.1,,,14.9,,1015.3,
2019-10-11,18.7,15.2,24.0,27.9,,,13.9,,1015.2,
2019-10-12,18.4,15.7,23.0,21.1,,,15.9,,1015.0,
2019-10-13,17.8,16.0,22.0,25.9,,,10.4,,1015.0,
2019-10-14,18.7,15.6,22.0,14.0,,,10.9,,1015.5,
2019-10-15,19.7,16.0,24.0,0.3,,,12.5,,1014.8,
2019-10-16,20.8,16.5,26.0,0.0,,,13.3,,1014.7,
2019-10-17,17.4,15.2,23.0,,,,11.2,,1016.1,
2019-10-18,17.9,14.4,23.0,3.0,,,8.2,,1015.7,
2019-10-19,17.7,15.5,20.0,53.1,,,4.9,,1015.6,
2019-10-20,19.0,16.0,22.0,18.0,,,11.0,,1015.3,
2019-10-21,20.3,15.7,26.0,2.0,,,9.3,,1014.7,
2019-10-22,20.6,15.5,26.0,0.0,,,10.7,,1013.3,
2019-10-23,19.9,16.7,25.0,,,,11.8,,1014.0,
2019-10-24,19.1,3.8,24.0,26.9,,,14.8,,1015.1,
2019-10-25,19.6,16.0,24.0,0.0,,,16.1,,1015.6,
2019-10-26,18.2,15.1,23.0,1.0,,,11.3,,1015.4,
2019-10-27,19.6,15.5,26.0,7.1,,,11.0,,1013.9,
2019-10-28,19.9,16.0,25.0,0.0,,,10.2,,1013.1,
2019-10-29,18.9,15.7,25.7,1.0,,,11.1,,1014.0,
2019-10-30,18.6,15.0,24.5,2.0,,,12.7,,1015.0,
2019-10-31,19.6,16.7,24.5,3.0,,,10.7,,1015.7,
2019-11-01,19.9,16.0,25.0,0.0,,,8.1,,1015.0,
2019-11-02,19.3,15.7,25.0,,,,5.2,,1015.1,
2019-11-03,20.0,16.0,25.5,,,,11.1,,1016.0,
2019-11-04,20.0,16.0,25.0,,,,11.9,,1016.7,
2019-11-05,20.2,15.7,26.0,,,,10.4,,1015.6,
2019-11-06,21.0,16.0,27.0,,,,11.2,,1014.2,
2019-11-07,20.8,16.7,26.0,,,,10.7,,1015.1,
2019-11-08,20.6,17.0,25.5,0.3,,,13.3,,1015.9,
2019-11-09,20.5,15.0,26.0,0.0,,,12.0,,1015.2,
2019-11-10,20.8,17.0,26.0,,,,15.8,,1014.0,
2019-11-11,20.4,17.0,25.5,0.3,,,14.9,,1012.9,
2019-11-12,19.3,17.0,22.7,7.1,,,13.5,,1013.3,
2019-11-13,19.0,16.0,23.0,0.0,,,13.3,,1014.9,
2019-11-14,19.2,16.7,24.0,6.1,,,17.7,,1015.4,
2019-11-15,20.3,15.5,25.1,0.0,,,15.0,,1013.9,
2019-11-16,20.4,15.5,25.5,0.5,,,18.1,,1012.5,
2019-11-17,20.2,16.6,25.0,0.0,,,17.6,,1013.0,
2019-11-18,20.4,17.6,25.0,,,,17.5,,1014.2,
2019-11-19,20.6,15.6,26.0,,,,16.3,,1014.9,
2019-11-20,20.6,16.0,26.0,2.0,,,9.8,,1013.9,
2019-11-21,20.8,17.5,26.0,3.0,,,17.1,,1013.3,
2019-11-22,20.7,16.4,26.0,23.1,,,13.4,,1013.3,
2019-11-23,19.0,14.6,22.0,17.0,,,12.4,,1014.5,
2019-11-24,18.9,15.0,24.5,0.5,,,3.8,,1015.0,
2019-11-25,18.0,16.0,23.0,42.9,,,3.4,,1015.9,
2019-11-26,18.0,15.2,22.5,8.9,,,5.0,,1015.0,
2019-11-27,19.8,16.0,24.2,2.0,,,15.1,,1014.6,
2019-11-28,18.8,15.6,24.0,1.0,,,15.5,,1015.2,
2019-11-29,19.3,15.5,25.1,0.0,,,4.9,,1015.4,
2019-11-30,19.0,16.5,24.1,7.1,,,9.7,,1015.8,
2019-12-01,18.4,16.0,22.6,91.9,,,13.9,,1015.6,
2019-12-02,18.8,17.0,23.0,0.0,,,8.3,,1014.8,
2019-12-03,18.7,15.6,23.0,30.0,,,8.3,,1013.9,
2019-12-04,19.7,15.7,25.0,0.0,,,7.2,,1014.0,
2019-12-05,19.0,17.0,23.0,,,,6.4,,1014.5,
2019-12-06,19.8,17.0,24.0,9.9,,,9.8,,1013.9,
2019-12-07,19.4,17.0,23.5,0.0,,,8.2,,1013.3,
2019-12-08,18.8,16.0,23.0,26.9,,,5.4,,1013.4,
2019-12-09,19.6,17.0,23.1,0.0,,,10.0,,1013.9,
2019-12-10,18.7,16.0,21.7,,,,11.5,,1014.8,
2019-12-11,19.2,16.7,24.0,,,,14.8,,1014.9,
2019-12-12,19.3,16.0,24.5,,,,14.1,,1014.5,
2019-12-13,19.9,15.4,25.0,,,,14.1,,1015.1,
2019-12-14,19.5,16.5,25.0,,,,15.2,,1016.4,
2019-12-15,19.2,16.0,24.0,,,,13.1,,1015.8,
2019-12-16,19.8,16.0,24.2,1.0,,,11.4,,1019.3,
2019-12-17,20.2,17.0,24.6,0.0,,,14.1,,1013.8,
2019-12-18,20.1,17.0,25.0,,,,18.9,,1014.7,
2019-12-19,19.6,15.5,25.0,,,,16.1,,1015.7,
2019-12-20,19.5,13.0,25.0,,,,10.0,,1015.4,
2019-12-21,19.5,15.5,26.0,,,,9.4,,1015.1,
2019-12-22,19.0,15.0,24.0,0.0,,,11.5,,1016.1,
2019-12-23,19.7,17.0,24.0,2.0,,,15.0,,1016.0,
2019-12-24,20.3,16.2,25.0,41.9,,,13.4,,1015.7,
2019-12-25,20.8,15.8,25.0,1.0,,,15.0,,1014.7,
2019-12-26,20.2,16.6,26.0,0.0,,,10.3,,1014.2,
2019-12-27,20.3,17.1,26.2,1.0,,,6.1,,1013.0,
2019-12-28,19.8,17.0,25.1,10.9,,,7.4,,1012.8,
2019-12-29,19.1,16.6,25.0,3.0,,,15.5,,1013.0,
2019-12-30,20.3,14.8,24.0,13.0,,,17.1,,1014.1,
2019-12-31,19.6,15.0,25.0,0.0,,,13.0,,1015.0,
2020-01-01,20.3,15.0,25.5,,,,14.9,,1014.9,
2020-01-02,20.1,14.6,25.5,,,,16.6,,1015.4,
2020-01-03,20.4,16.5,25.0,,,,18.3,,1016.9,
2020-01-04,19.9,16.0,24.2,,,,15.3,,1016.3,
2020-01-05,20.7,14.2,27.0,,,,10.1,,1014.2,
2020-01-06,21.7,19.0,26.0,,,,12.6,,1014.1,
2020-01-07,19.6,16.5,23.0,4.1,,,16.8,,1015.2,
2020-01-08,18.9,17.0,25.5,0.0,,,14.3,,1015.9,
2020-01-09,19.3,16.0,25.0,1.0,,,10.5,,1015.0,
2020-01-10,21.2,17.6,26.0,0.0,,,9.5,,1014.5,
2020-01-11,21.2,16.0,26.0,,,,7.9,,1014.5,
2020-01-12,20.5,16.0,25.5,,,,10.3,,1015.5,
2020-01-13,18.7,15.0,25.0,117.1,,,7.7,,1015.7,
2020-01-14,19.7,16.0,24.0,5.1,,,13.2,,1014.6,
2020-01-15,20.4,16.0,25.2,0.0,,,16.7,,1019.9,
2020-01-16,20.5,17.0,25.0,,,,17.2,,1015.2,
2020-01-17,20.5,16.7,25.0,,,,8.2,,1019.6,
2020-01-18,21.0,16.2,26.0,,,,4.9,,1013.8,
2020-01-19,21.2,17.7,27.0,,,,6.6,,1019.5,
2020-01-20,21.1,14.3,26.5,,,,10.5,,1014.1,
2020-01-21,21.5,17.0,27.0,,,,8.3,,1013.1,
2020-01-22,21.4,16.6,26.2,,,,10.6,,1018.5,
2020-01-23,20.5,17.6,24.0,21.1,,,10.5,,1015.0,
2020-01-24,20.1,18.0,23.0,0.0,,,10.0,,1020.7,
2020-01-25,19.9,16.0,24.2,,,,12.3,,1016.2,
2020-01-26,19.0,16.0,23.0,4.1,,,12.0,,1016.8,
2020-01-27,18.8,17.0,22.0,0.0,,,12.7,,1020.8,
2020-01-28,18.7,16.0,22.0,2.0,,,10.1,,1016.7,
2020-01-29,19.8,17.0,24.1,2.0,,,10.3,,1020.5,
2020-01-30,19.7,16.0,24.1,3.0,,,12.5,,1016.7,
2020-01-31,20.7,14.8,25.6,20.1,,,10.0,,1015.7,
2020-02-01,18.9,16.0,24.2,0.0,,,6.8,,1020.9,
2020-02-02,19.4,16.0,24.0,19.1,,,3.6,,1021.7,
2020-02-03,20.6,17.0,25.0,3.0,,,10.0,,1021.1,
2020-02-04,20.3,17.0,25.0,4.1,,,12.1,,1021.1,
2020-02-05,20.7,16.6,25.0,0.3,,,13.1,,1015.7,
2020-02-06,20.2,16.0,25.0,0.0,,,12.8,,1021.9,
2020-02-07,20.8,15.0,27.0,,,,17.3,,1021.5,
2020-02-08,21.0,16.6,29.0,,,,15.9,,1022.2,
2020-02-09,20.0,16.0,25.0,,,,13.4,,1021.6,
2020-02-10,21.2,15.0,28.0,,,,10.5,,1015.9,
2020-02-11,22.1,14.7,29.0,,,,8.6,,1020.1,
2020-02-12,21.8,15.0,28.0,,,,9.9,,1019.2,
2020-02-13,21.7,18.0,27.0,,,,20.9,,1019.9,
2020-02-14,20.9,18.0,25.0,,,,19.5,,1020.4,
2020-02-15,20.1,17.0,25.0,,,,17.7,,1020.7,
2020-02-16,19.5,17.0,25.0,,,,11.9,,1020.7,
2020-02-17,21.1,16.5,26.0,,,,14.1,,1020.3,
2020-02-18,21.3,18.0,26.7,,,,19.3,,1020.8,
2020-02-19,21.2,18.0,27.0,,,,13.9,,1015.4,
2020-02-20,22.9,17.5,29.0,,,,10.5,,1019.4,
2020-02-21,22.4,17.4,28.0,1.0,,,13.3,,1019.8,
2020-02-22,22.1,18.7,27.0,0.0,,,16.4,,1020.2,
2020-02-23,21.1,17.5,26.0,,,,18.0,,1019.6,
2020-02-24,20.2,17.0,27.0,,,,17.0,,1014.2,
2020-02-25,22.2,15.8,29.0,,,,6.6,,1019.1,
2020-02-26,21.9,16.8,28.0,,,,11.8,,1014.1,
2020-02-27,21.0,15.4,26.0,21.1,,,16.6,,1014.8,
2020-02-28,21.6,18.0,26.0,0.0,,,16.2,,1019.9,
2020-02-29,21.6,16.0,28.0,,,,8.6,,1013.6,
2020-03-01,21.5,18.5,28.0,,,,7.2,,1018.7,
2020-03-02,19.5,15.9,25.0,11.9,,,6.1,,1020.3,
2020-03-03,21.4,17.6,26.7,0.5,,,9.3,,1016.2,
2020-03-04,21.2,18.0,27.0,0.5,,,10.0,,1021.5,
2020-03-05,21.0,16.5,27.5,3.0,,,10.5,,1021.6,
2020-03-06,22.1,16.0,29.0,0.0,,,9.2,,1019.9,
2020-03-07,22.0,16.0,27.0,,,,12.3,,1019.9,
2020-03-08,21.0,18.0,25.0,8.9,,,13.0,,1019.1,
2020-03-09,21.2,18.0,26.0,3.0,,,7.0,,1019.0,
2020-03-10,20.9,17.0,26.0,,,,9.9,,1018.7,
2020-03-11,21.4,18.0,26.1,,,,11.6,,1013.7,
2020-03-12,21.4,16.8,26.2,,,,16.4,,1014.1,
2020-03-13,22.1,19.0,26.0,,,,14.7,,1014.4,
2020-03-14,22.0,18.0,27.0,,,,10.9,,1020.2,
2020-03-15,22.5,17.0,29.0,,,,9.1,,1018.9,
2020-03-16,22.8,18.0,29.0,,,,11.7,,1017.9,
2020-03-17,22.0,19.0,27.0,9.9,,,11.5,,1019.0,
2020-03-18,21.6,18.0,27.0,0.0,,,17.6,,1019.9,
2020-03-19,20.4,16.0,25.5,3.0,,,13.9,,1021.0,
2020-03-20,21.0,17.0,26.0,0.0,,,16.7,,1015.6,
2020-03-21,19.4,17.0,26.0,0.0,,,18.8,,1015.1,
2020-03-22,20.7,16.0,26.0,0.0,,,13.4,,1015.4,
2020-03-23,21.3,15.0,27.0,,,,12.2,,1015.7,
2020-03-24,21.7,16.8,27.0,,,,9.8,,1019.7,
2020-03-25,20.4,17.0,27.0,,,,7.0,,1012.6,
2020-03-26,20.7,17.0,27.0,,,,8.2,,1012.4,
2020-03-27,20.0,16.0,25.4,43.9,,,7.5,,1015.0,
2020-03-28,20.2,15.0,25.1,,,,10.5,,1016.0,
2020-03-29,20.5,16.0,26.0,78.0,,,11.9,,1020.4,
2020-03-30,20.9,17.0,26.0,1.0,,,11.2,,1014.4,
2020-03-31,21.5,18.5,26.2,0.3,,,13.6,,1020.3,
2020-04-01,21.1,16.5,27.0,0.0,,,13.5,,1020.9,
2020-04-02,21.3,16.0,26.5,,,,14.4,,1014.5,
2020-04-03,21.3,16.9,26.0,,,,16.5,,1014.5,
2020-04-04,19.8,16.6,26.0,,,,14.1,,1015.3,
2020-04-05,21.2,17.0,26.5,,,,14.5,,1021.5,
2020-04-06,20.7,17.0,25.0,27.9,,,11.0,,1016.2,
2020-04-07,20.6,17.0,25.0,0.3,,,13.3,,1016.1,
2020-04-08,21.1,17.7,25.2,0.0,,,11.1,,1015.7,
2020-04-09,20.6,16.6,26.0,,,,11.6,,1015.6,
2020-04-10,20.6,17.0,26.0,,,,8.1,,1015.2,
2020-04-11,20.8,14.1,26.0,,,,8.8,,1014.5,
2020-04-12,20.9,16.7,27.2,,,,6.7,,1019.8,
2020-04-13,21.2,17.7,26.5,6.1,,,8.6,,1020.0,
2020-04-14,20.5,16.6,26.0,45.0,,,6.6,,1020.4,
2020-04-15,20.5,17.0,27.0,,,,9.1,,1020.8,
2020-04-16,20.0,16.0,28.0,52.1,,,11.0,,1014.5,
2020-04-17,20.4,15.7,26.0,3.0,,,8.5,,1013.2,
2020-04-18,19.6,17.0,26.0,4.1,,,7.5,,1014.7,
2020-04-19,18.7,15.9,23.0,47.0,,,14.5,,1020.2,
2020-04-20,19.4,17.0,25.0,0.3,,,5.8,,1015.7,
2020-04-21,19.4,16.0,25.5,0.0,,,5.9,,1014.9,
2020-04-22,18.6,17.0,23.5,7.9,,,2.7,,1019.9,
2020-04-23,17.8,16.0,20.2,25.9,,,9.2,,1020.8,
2020-04-24,19.5,16.0,25.5,0.3,,,9.4,,1020.2,
2020-04-25,18.0,14.8,22.5,31.0,,,6.9,,1015.4,
2020-04-26,19.5,17.0,25.0,,,,8.8,,1015.9,
2020-04-27,17.9,16.0,23.7,7.9,,,7.9,,1016.8,
2020-04-28,19.6,14.0,25.0,0.0,,,5.6,,1017.4,
2020-04-29,19.9,17.0,24.0,0.5,,,5.7,,1022.4,
2020-04-30,19.8,17.0,24.0,0.0,,,8.3,,1017.6,
2020-05-01,19.6,16.7,24.0,,,,10.0,,1018.1,
2020-05-02,19.6,17.0,24.0,,,,5.3,,,
2020-05-03,20.1,17.0,25.5,,,,5.9,,,
2020-05-04,20.6,16.0,27.0,,,,8.4,,1021.2,
2020-05-05,21.1,16.2,26.0,4.1,,,8.8,,1016.5,
2020-05-06,20.2,18.0,26.0,0.0,,,12.3,,1016.8,
2020-05-07,19.2,16.0,24.0,9.9,,,8.3,,,
2020-05-08,19.0,16.0,22.0,0.0,,,5.8,,1021.3,
2020-05-09,19.2,16.0,24.5,,,,8.9,,1016.2,
2020-05-10,17.6,15.5,23.0,,,,10.7,,,
2020-05-11,17.9,14.8,23.0,,,,11.6,,1017.5,
2020-05-12,19.5,15.7,24.0,,,,5.0,,1017.1,
2020-05-13,21.4,16.0,27.1,,,,7.0,,1021.7,
2020-05-14,21.4,16.0,27.2,2.0,,,9.8,,1016.4,
2020-05-15,19.7,17.0,24.0,0.0,,,7.4,,1022.2,
2020-05-16,19.1,17.0,24.0,,,,10.8,,,
2020-05-17,19.0,16.0,24.0,,,,10.6,,1017.7,
2020-05-18,18.9,16.0,24.0,5.1,,,7.7,,,
2020-05-19,19.6,12.0,25.1,0.0,,,6.5,,1023.2,
2020-05-20,19.4,15.0,25.0,,,,11.5,,1023.2,
2020-05-21,18.8,16.0,23.0,,,,9.9,,1023.7,
2020-05-22,18.9,15.0,24.0,,,,9.0,,1023.9,
2020-05-23,18.7,14.6,24.0,,,,6.3,,1024.0,
2020-05-24,19.0,15.0,24.0,,,,6.4,,1017.4,
2020-05-25,19.2,15.0,25.0,,,,10.4,,,
2020-05-26,19.8,16.0,25.0,,,,10.8,,1017.1,
2020-05-27,20.6,17.0,26.0,,,,9.5,,1022.8,
2020-05-28,20.9,16.6,26.0,,,,11.8,,1022.5,
2020-05-29,20.0,15.7,25.0,,,,11.3,,1016.4,
2020-05-30,19.9,14.0,26.2,,,,7.5,,1022.0,
2020-05-31,18.6,10.0,26.0,,,,8.3,,1023.3,
2020-06-01,19.4,14.0,25.0,,,,9.8,,1017.7,
2020-06-02,19.1,13.0,25.0,,,,11.1,,1022.9,
2020-06-03,18.4,15.0,23.5,,,,9.7,,1022.5,
2020-06-04,18.9,13.5,26.0,,,,7.3,,1022.7,
2020-06-05,18.9,10.6,27.1,,,,3.6,,1023.4,
2020-06-06,19.8,12.5,26.0,,,,6.5,,,
2020-06-07,19.5,15.0,25.0,,,,8.0,,1021.8,
2020-06-08,17.9,14.9,21.0,,,,11.1,,1017.3,
2020-06-09,18.5,15.0,23.2,,,,7.5,,1017.1,
2020-06-10,16.4,14.1,19.2,23.9,,,8.7,,1022.2,
2020-06-11,18.6,14.6,24.5,3.0,,,8.7,,1016.5,
2020-06-12,17.8,13.9,24.7,15.0,,,6.7,,,
2020-06-13,18.2,15.6,24.2,,,,8.7,,1021.5,
2020-06-14,17.3,14.5,21.2,,,,8.7,,1022.8,
2020-06-15,16.9,14.5,19.0,,,,5.9,,1023.6,
2020-06-16,16.9,14.0,21.0,,,,5.6,,1022.5,
2020-06-17,17.4,13.0,22.1,,,,6.5,,1022.3,
2020-06-18,17.2,13.0,22.0,,,,6.3,,,
2020-06-19,17.8,13.0,23.0,,,,6.3,,1022.6,
2020-06-20,18.7,14.0,23.5,,,,9.6,,1022.8,
2020-06-21,18.1,13.0,23.0,,,,10.3,,,
2020-06-22,18.8,15.3,25.0,,,,7.3,,,
2020-06-23,18.4,14.0,23.0,,,,5.7,,1021.6,
2020-06-24,19.0,15.6,24.0,,,,8.6,,1022.6,
2020-06-25,18.1,14.5,23.0,,,,10.4,,,
2020-06-26,17.9,12.0,23.5,,,,8.0,,1020.9,
2020-06-27,18.6,15.0,24.0,,,,6.2,,1021.4,
2020-06-28,19.4,15.0,24.7,,,,10.2,,1022.1,
2020-06-29,17.9,13.0,24.5,,,,7.2,,,
2020-06-30,18.5,12.0,25.0,,,,5.6,,1021.5,
2020-07-01,17.3,11.6,21.0,,,,8.4,,1021.9,
2020-07-02,17.4,14.0,22.0,,,,6.8,,1021.5,
2020-07-03,17.7,13.5,22.0,,,,6.4,,1021.4,
2020-07-04,17.4,11.0,23.2,,,,4.8,,1021.6,
2020-07-05,16.9,13.0,22.0,,,,4.9,,1020.9,
2020-07-06,18.0,14.0,22.0,,,,8.5,,1020.0,
2020-07-07,17.8,14.0,22.5,,,,5.4,,1020.9,
2020-07-08,18.0,14.0,23.0,,,,5.0,,,
2020-07-09,18.2,13.0,22.0,,,,9.6,,1021.9,
2020-07-10,16.6,14.0,19.0,0.3,,,10.4,,1021.7,
2020-07-11,16.8,11.0,24.0,0.0,,,9.8,,1021.9,
2020-07-12,19.7,14.0,26.0,,,,6.5,,1021.3,
2020-07-13,17.9,14.6,22.1,,,,6.7,,1020.3,
2020-07-14,18.1,14.0,23.2,2.0,,,5.1,,1020.4,
2020-07-15,17.2,14.0,21.0,2.0,,,9.6,,1022.7,
2020-07-16,17.3,15.0,22.0,0.0,,,9.6,,1022.8,
2020-07-17,16.7,11.0,22.1,,,,8.6,,1021.4,
2020-07-18,15.8,12.0,20.0,,,,10.5,,,
2020-07-19,16.3,10.6,21.2,,,,4.8,,1017.0,
2020-07-20,16.1,11.5,20.0,,,,8.4,,1021.4,
2020-07-21,17.4,13.0,22.0,,,,4.4,,1021.0,
2020-07-22,18.6,14.0,25.0,0.8,,,6.0,,1020.0,
2020-07-23,18.9,14.0,25.0,0.0,,,8.8,,1019.5,
2020-07-24,17.6,14.0,23.0,,,,8.0,,1019.9,
2020-07-25,18.2,12.0,25.0,,,,6.6,,1020.3,
2020-07-26,17.4,12.0,23.0,,,,8.0,,1021.0,
2020-07-27,17.8,14.0,23.0,,,,9.3,,,
2020-07-28,17.2,14.2,19.0,0.3,,,5.3,,1021.4,
2020-07-29,19.1,15.0,23.1,0.0,,,9.2,,1021.8,
2020-07-30,17.5,10.0,23.0,,,,8.4,,1023.1,
2020-07-31,17.7,12.7,24.0,,,,8.5,,1023.4,
2020-08-01,18.4,15.0,25.0,,,,5.9,,1023.0,
2020-08-02,17.0,13.0,23.0,,,,10.2,,1023.6,
2020-08-03,16.9,11.0,22.5,,,,9.3,,1024.9,
2020-08-04,18.5,13.0,25.0,,,,6.4,,1023.1,
2020-08-05,18.4,14.0,24.0,,,,5.1,,1022.7,
2020-08-06,19.4,11.7,27.0,,,,7.4,,1022.3,
2020-08-07,19.2,13.0,26.0,,,,9.6,,1022.9,
2020-08-08,18.7,14.0,24.0,,,,6.7,,1023.0,
2020-08-09,18.9,15.0,24.0,,,,8.4,,1021.5,
2020-08-10,18.8,13.0,27.5,,,,9.8,,1021.0,
2020-08-11,18.9,13.0,27.0,,,,5.6,,1021.0,
2020-08-12,17.7,15.0,24.0,,,,9.4,,1021.3,
2020-08-13,18.6,14.0,24.0,0.5,,,8.2,,1020.8,
2020-08-14,19.4,15.0,23.5,0.0,,,6.5,,,
2020-08-15,20.5,14.2,27.0,,,,12.4,,,
2020-08-16,16.6,13.1,22.0,,,,6.5,,1015.6,
2020-08-17,18.1,12.8,23.0,,,,7.1,,1015.7,
2020-08-18,19.4,13.0,25.0,,,,11.2,,1020.3,
2020-08-19,17.0,14.0,20.0,0.3,,,4.4,,,
2020-08-20,18.9,15.0,24.0,0.0,,,9.5,,1019.4,
2020-08-21,17.7,15.0,21.0,,,,7.4,,1021.5,
2020-08-22,17.1,14.6,21.0,,,,5.9,,1021.5,
2020-08-23,16.9,15.0,21.0,,,,6.8,,,
2020-08-24,16.9,14.0,21.0,,,,7.2,,,
2020-08-25,18.8,15.0,23.1,,,,9.4,,1021.8,
2020-08-26,18.7,15.0,24.1,,,,6.9,,,
2020-08-27,19.2,15.0,25.0,,,,8.7,,1021.8,
2020-08-28,19.3,13.0,26.2,,,,9.6,,1020.1,
2020-08-29,19.2,12.0,26.6,,,,8.3,,1019.5,
2020-08-30,20.1,13.0,28.0,,,,10.1,,1015.3,
2020-08-31,19.2,12.0,27.0,,,,9.9,,1020.6,
2020-09-01,18.6,14.0,25.0,,,,8.3,,1021.6,
2020-09-02,18.9,12.8,27.0,,,,11.3,,1021.4,
2020-09-03,18.5,14.7,23.2,,,,6.9,,1021.5,
2020-09-04,18.1,12.0,26.0,,,,4.6,,,
2020-09-05,17.5,14.5,24.0,7.9,,,3.4,,1014.7,
2020-09-06,15.6,14.7,17.0,4.1,,,3.9,,1018.6,
2020-09-07,15.3,15.0,17.0,5.1,,,5.4,,,
2020-09-08,15.3,14.0,18.0,2.0,,,3.5,,1022.3,
2020-09-09,16.3,13.0,21.0,0.0,,,5.4,,1017.8,
2020-09-10,17.0,9.9,23.0,,,,3.7,,,
2020-09-11,17.5,14.6,22.0,,,,6.1,,1016.1,
2020-09-12,19.0,14.6,25.0,,,,8.4,,1021.9,
2020-09-13,19.4,13.0,27.0,,,,9.1,,1022.5,
2020-09-14,19.9,15.5,27.0,,,,9.0,,1022.1,
2020-09-15,19.5,14.0,26.0,,,,8.8,,1021.1,
2020-09-16,21.2,14.0,28.0,,,,9.6,,1020.2,
2020-09-17,20.4,14.0,29.0,,,,9.4,,1021.2,
2020-09-18,19.7,13.6,27.0,,,,11.9,,1016.8,
2020-09-19,19.1,15.0,24.0,,,,8.5,,1020.9,
2020-09-20,18.0,15.0,22.0,,,,6.8,,1020.9,
2020-09-21,19.4,14.6,26.0,,,,11.9,,1020.3,
2020-09-22,19.6,14.7,27.0,,,,10.3,,1021.6,
2020-09-23,19.9,15.0,26.5,,,,11.5,,1021.6,
2020-09-24,19.4,16.0,24.0,,,,12.2,,1021.1,
2020-09-25,18.8,14.8,25.0,23.1,,,9.2,,1020.8,
2020-09-26,19.4,15.5,25.1,,,,11.3,,1014.6,
2020-09-27,20.6,15.0,28.5,0.5,,,14.0,,1013.7,
2020-09-28,20.5,14.7,27.0,,,,13.1,,1014.8,
2020-09-29,21.0,15.7,28.0,,,,12.4,,1019.7,
2020-09-30,19.9,16.0,27.0,,,,9.0,,1019.3,
2020-10-01,20.8,16.7,27.0,,,,10.8,,1019.6,
2020-10-02,20.5,16.0,26.6,,,,9.5,,1020.1,
2020-10-03,20.6,14.0,27.1,,,,9.2,,1020.8,
2020-10-04,21.2,15.7,28.0,,,,10.6,,1015.9,
2020-10-05,21.5,16.0,28.0,,,,11.4,,1016.1,
2020-10-06,21.9,14.0,29.0,,,,8.7,,1014.9,
2020-10-07,21.5,16.0,28.0,,,,10.7,,1020.6,
2020-10-08,21.6,14.0,28.5,,,,10.7,,1020.0,
2020-10-09,22.1,17.0,28.0,,,,12.6,,1019.7,
2020-10-10,22.0,18.0,28.0,,,,12.6,,1019.7,
2020-10-11,21.4,17.0,28.0,,,,11.2,,1019.4,
2020-10-12,21.2,17.0,26.7,,,,10.0,,1019.0,
2020-10-13,21.5,14.7,28.5,,,,6.3,,1019.2,
2020-10-14,20.3,15.5,28.0,,,,9.5,,1016.0,
2020-10-15,20.8,15.7,27.0,,,,6.7,,1021.2,
2020-10-16,20.7,15.7,27.0,,,,6.6,,1020.0,
2020-10-17,19.6,16.0,25.0,,,,6.2,,1014.7,
2020-10-18,19.7,16.5,24.0,3.0,,,7.4,,1014.9,
2020-10-19,19.0,16.0,25.0,0.0,,,7.2,,1019.9,
2020-10-20,18.8,16.0,24.0,11.9,,,7.0,,1019.5,
2020-10-21,20.1,16.0,26.0,0.0,,,10.2,,1019.9,
2020-10-22,20.0,15.1,28.0,,,,8.7,,1021.2,
2020-10-23,20.7,14.5,28.6,,,,6.9,,1021.0,
2020-10-24,20.7,15.0,26.0,,,,8.1,,1020.2,
2020-10-25,19.4,16.7,24.5,1.0,,,9.9,,1019.3,
2020-10-26,17.7,16.0,20.0,0.0,,,3.3,,1020.0,
2020-10-27,19.3,17.0,22.0,2.0,,,7.4,,1015.5,
2020-10-28,19.7,17.0,25.0,0.0,,,13.7,,1015.4,
2020-10-29,18.5,16.0,22.0,,,,13.4,,1016.2,
2020-10-30,17.1,14.0,21.0,,,,8.8,,1017.3,
2020-10-31,19.1,15.5,25.0,,,,10.5,,1021.3,
2020-11-01,19.5,15.7,24.0,,,,15.5,,1020.5,
2020-11-02,19.9,16.0,25.5,,,,16.7,,1021.0,
2020-11-03,19.5,16.0,23.0,,,,13.3,,1021.5,
2020-11-04,19.1,16.0,24.0,10.9,,,15.6,,1021.0,
2020-11-05,19.5,17.0,25.0,0.3,,,14.3,,1020.0,
2020-11-06,19.0,17.0,24.0,2.0,,,10.5,,1020.1,
2020-11-07,20.2,16.5,25.0,2.0,,,10.7,,1021.3,
2020-11-08,19.9,17.0,24.0,0.0,,,10.2,,1021.9,
2020-11-09,18.8,16.0,23.0,,,,12.1,,1021.5,
2020-11-10,20.0,17.0,24.0,,,,18.8,,1020.3,
2020-11-11,19.4,16.0,25.0,,,,16.3,,1020.4,
2020-11-12,20.6,16.5,26.0,,,,19.8,,1016.4,
2020-11-13,19.7,16.7,25.0,0.3,,,15.9,,1016.4,
2020-11-14,19.0,16.6,24.0,0.5,,,15.4,,1015.6,
2020-11-15,20.3,14.3,27.0,0.0,,,13.8,,1019.0,
2020-11-16,20.1,16.5,25.0,,,,16.4,,1019.9,
2020-11-17,20.3,17.0,26.0,,,,19.1,,1019.0,
2020-11-18,21.2,17.0,27.0,,,,17.1,,1018.9,
2020-11-19,21.1,17.0,27.0,,,,15.7,,1018.9,
2020-11-20,19.8,16.0,27.1,,,,12.9,,1019.0,
2020-11-21,20.7,16.0,27.0,,,,13.4,,1019.2,
2020-11-22,20.6,17.0,27.0,,,,13.4,,1015.2,
2020-11-23,20.8,17.0,27.0,,,,9.4,,1020.7,
2020-11-24,20.8,18.0,27.0,,,,10.4,,1019.5,
2020-11-25,20.9,16.0,28.0,,,,6.6,,1019.5,
2020-11-26,21.2,17.0,28.0,,,,10.3,,1019.5,
2020-11-27,20.5,17.0,26.0,,,,13.3,,1019.9,
2020-11-28,18.9,17.0,23.0,,,,14.5,,1019.9,
2020-11-29,18.0,16.7,23.8,,,,7.9,,1020.3,
2020-11-30,20.3,14.0,27.0,,,,8.7,,1019.9,
2020-12-01,20.3,16.1,25.4,,,,14.8,,1014.4,
2020-12-02,19.9,16.4,23.7,,,,16.2,,1014.5,
2020-12-03,19.5,15.8,23.8,,,,17.4,,1015.9,
2020-12-04,19.9,16.0,25.0,,,,16.7,,1016.4,
2020-12-05,20.2,14.0,26.0,,,,13.0,,1015.3,
2020-12-06,21.2,15.7,26.3,,,,10.8,,1015.7,
2020-12-07,21.2,16.6,27.2,,,,13.5,,1016.1,
2020-12-08,20.1,16.0,25.0,,,,13.9,,1021.5,
2020-12-09,20.3,17.0,25.0,,,,17.0,,1020.0,
2020-12-10,19.9,17.0,25.0,,,,16.5,,1020.5,
2020-12-11,20.6,16.0,27.0,,,,13.6,,1020.6,
2020-12-12,21.1,16.0,26.0,,,,21.5,,1020.0,
2020-12-13,20.5,17.0,26.0,,,,18.5,,1015.0,
2020-12-14,20.3,16.0,26.0,,,,12.7,,1014.6,
2020-12-15,20.5,14.0,27.0,,,,10.4,,1019.5,
2020-12-16,20.9,16.0,26.0,,,,11.1,,1019.7,
2020-12-17,20.6,15.5,26.1,,,,15.1,,1019.4,
2020-12-18,20.4,16.0,25.0,,,,14.7,,1019.0,
2020-12-19,20.8,17.0,26.0,,,,14.2,,1019.2,
2020-12-20,20.6,16.0,26.0,,,,16.5,,1020.0,
2020-12-21,20.8,16.0,26.0,,,,15.6,,1020.3,
2020-12-22,21.2,18.0,27.0,,,,16.6,,1020.0,
2020-12-23,20.9,15.0,27.0,,,,13.5,,1018.8,
2020-12-24,21.5,17.0,28.0,,,,14.2,,1018.6,
2020-12-25,22.0,17.0,29.0,,,,13.2,,1017.5,
2020-12-26,21.5,16.0,27.2,,,,14.1,,1012.9,
2020-12-27,20.2,14.0,26.0,,,,13.4,,1018.5,
2020-12-28,20.1,13.0,28.0,,,,11.3,,1018.9,
2020-12-29,20.2,12.0,26.0,,,,12.4,,1018.8,
2020-12-30,21.4,15.0,27.0,,,,12.1,,1018.3,
2020-12-31,19.2,16.0,25.0,,,,17.2,,1019.0,
2021-01-01,18.3,14.0,24.0,,,,12.2,,1019.6,
2021-01-02,19.8,16.0,25.0,0.7,,,12.1,,1019.9,
2021-01-03,20.6,16.0,26.0,0.4,,,12.4,,1019.6,
2021-01-04,20.3,15.0,26.0,0.2,,,11.3,,1018.6,
2021-01-05,20.3,17.0,26.0,0.2,,,13.6,,1018.7,
2021-01-06,20.8,16.0,27.0,0.5,,,12.4,,1019.2,
2021-01-07,21.0,17.0,27.0,0.0,,,13.7,,1018.6,
2021-01-08,20.8,16.0,27.0,0.5,,,10.3,,1016.5,
2021-01-09,17.9,13.9,23.4,8.4,,,5.2,,1012.9,
2021-01-10,17.3,14.8,22.1,7.9,,,7.1,,1014.0,
2021-01-11,17.8,13.8,23.1,1.5,,,7.7,,1014.1,
2021-01-12,17.6,14.5,21.2,1.0,,,9.6,,1015.2,
2021-01-13,18.7,15.0,23.6,0.0,,,11.1,,1014.8,
2021-01-14,18.9,14.0,25.2,0.0,,,11.4,,1014.0,
2021-01-15,18.9,14.2,24.6,0.1,,,9.9,,1013.5,
2021-01-16,18.7,14.3,24.3,0.7,,,9.1,,1013.0,
2021-01-17,19.2,14.4,26.0,0.2,,,8.1,,1013.1,
2021-01-18,20.1,15.2,27.0,0.2,,,8.9,,1013.1,
2021-01-19,19.1,14.4,24.2,1.8,,,9.1,,1013.4,
2021-01-20,19.8,14.0,27.0,0.0,,,10.5,,1014.8,
2021-01-21,20.3,15.0,25.0,0.0,,,14.4,,1018.7,
2021-01-22,19.9,16.2,25.0,2.0,,,16.0,,1018.3,
2021-01-23,20.0,17.0,24.0,4.9,,,20.6,,1018.7,
2021-01-24,20.0,15.0,26.0,0.8,,,15.0,,1018.2,
2021-01-25,20.5,15.0,26.0,0.4,,,16.6,,1018.9,
2021-01-26,20.8,15.0,27.0,0.0,,,15.2,,1019.4,
2021-01-27,20.5,14.0,27.0,0.0,,,13.5,,1018.7,
2021-01-28,21.2,14.0,28.0,0.0,,,11.3,,1019.3,
2021-01-29,20.2,15.0,28.0,0.8,,,11.8,,1018.3,
2021-01-30,19.5,13.4,27.0,0.1,,,14.8,,1015.9,
2021-01-31,19.7,13.5,27.0,0.0,,,14.9,,1017.0,
2021-02-01,20.3,13.0,26.0,0.0,,,12.1,,1019.8,
2021-02-02,20.9,13.0,28.0,0.0,,,10.6,,1020.4,
2021-02-03,21.7,16.3,27.0,0.1,,,15.1,,1019.8,
2021-02-04,22.3,15.3,29.0,0.0,,,14.7,,1020.0,
2021-02-05,22.3,16.0,29.0,0.1,,,13.3,,1017.5,
2021-02-06,21.5,17.0,28.0,1.5,,,8.3,,1018.4,
2021-02-07,20.5,18.0,24.0,4.1,,,9.0,,1017.2,
2021-02-08,18.1,17.0,21.0,11.4,,,7.3,,1019.2,
2021-02-09,19.4,16.0,24.0,3.9,,,12.2,,1019.2,
2021-02-10,19.5,17.0,24.0,1.3,,,13.3,,1018.9,
2021-02-11,19.4,14.9,24.0,6.0,,,6.1,,1018.3,
2021-02-12,20.1,16.0,25.0,4.7,,,5.9,,1017.2,
2021-02-13,19.8,15.4,23.0,5.0,,,7.7,,1018.6,
2021-02-14,19.0,16.0,25.0,3.4,,,12.6,,1019.3,
2021-02-15,21.1,15.8,27.0,0.0,,,13.2,,1017.6,
2021-02-16,21.6,17.0,27.0,0.0,,,12.5,,1017.2,
2021-02-17,21.3,16.0,27.0,0.0,,,11.9,,1018.2,
2021-02-18,21.5,16.0,27.0,0.0,,,12.0,,1019.1,
2021-02-19,21.7,14.0,28.0,0.0,,,8.8,,1019.3,
2021-02-20,22.0,16.0,28.0,0.2,,,8.1,,1019.5,
2021-02-21,20.6,15.3,27.0,14.5,,,7.8,,1019.0,
2021-02-22,18.0,14.5,24.0,18.3,,,6.3,,1016.5,
2021-02-23,18.6,13.5,25.0,1.6,,,6.8,,1015.5,
2021-02-24,20.0,12.9,25.1,0.1,,,7.6,,1015.2,
2021-02-25,19.9,12.8,25.7,0.0,,,9.2,,1014.3,
2021-02-26,20.8,13.7,27.0,0.0,,,10.2,,1015.6,
2021-02-27,21.5,14.0,29.0,0.0,,,11.0,,1018.1,
2021-02-28,21.7,14.0,29.0,0.0,,,11.8,,1017.5,
2021-03-01,22.0,14.8,28.0,0.0,,,14.6,,1018.0,
2021-03-02,21.6,16.8,26.0,0.0,,,17.8,,1018.8,
2021-03-03,21.8,16.0,28.0,0.2,,,13.6,,1017.8,
2021-03-04,20.5,15.0,26.0,1.4,,,14.1,,1019.1,
2021-03-05,21.7,16.0,26.0,3.2,,,13.3,,1019.1,
2021-03-06,21.6,15.0,27.0,0.1,,,14.0,,1018.7,
2021-03-07,22.1,15.0,28.0,0.1,,,10.9,,1018.1,
2021-03-08,22.5,19.0,27.0,0.1,,,16.3,,1017.8,
2021-03-09,21.8,16.0,27.0,0.0,,,12.5,,1019.4,
2021-03-10,21.2,16.0,28.0,0.1,,,15.4,,1019.4,
2021-03-11,22.7,17.0,29.0,0.0,,,16.8,,1018.7,
2021-03-12,21.9,14.0,27.0,0.0,,,15.7,,1017.5,
2021-03-13,21.8,15.0,27.0,0.0,,,14.6,,1019.0,
2021-03-14,22.4,15.0,28.0,0.0,,,14.2,,1018.5,
2021-03-15,22.2,16.0,28.0,0.4,,,12.6,,1017.4,
2021-03-16,20.1,16.0,25.0,6.9,,,16.2,,1017.5,
2021-03-17,20.9,17.0,26.0,0.7,,,15.1,,1017.1,
2021-03-18,21.8,18.0,27.0,0.0,,,13.8,,1018.1,
2021-03-19,21.9,17.0,27.0,1.1,,,15.0,,1016.4,
2021-03-20,21.2,18.0,27.0,2.8,,,15.2,,1016.4,
2021-03-21,20.0,16.0,25.0,20.1,,,14.7,,1017.1,
2021-03-22,20.9,16.0,26.0,0.4,,,16.2,,1016.4,
2021-03-23,21.2,17.0,27.0,2.0,,,19.5,,1018.6,
2021-03-24,21.6,17.0,27.0,0.6,,,15.4,,1018.0,
2021-03-25,22.0,17.0,29.0,0.0,,,12.9,,1015.7,
2021-03-26,21.7,15.6,28.0,0.1,,,12.5,,1016.6,
2021-03-27,21.7,16.4,28.0,0.0,,,6.2,,1016.8,
2021-03-28,21.2,17.0,27.0,0.0,,,8.9,,1015.9,
2021-03-29,21.6,16.0,28.0,1.2,,,16.6,,1014.4,
2021-03-30,20.2,17.0,26.0,3.3,,,15.8,,1014.1,
2021-03-31,21.0,16.0,27.0,1.8,,,12.2,,1014.5,
2021-04-01,21.0,15.9,27.0,3.1,,,15.3,,1015.2,
2021-04-02,21.8,18.0,28.0,3.0,,,13.6,,1015.5,
2021-04-03,22.5,18.0,28.0,2.1,,,10.9,,1015.0,
2021-04-04,20.5,17.0,27.0,6.2,,,9.0,,1015.7,
2021-04-05,19.8,16.0,25.0,24.5,,,11.5,,1016.0,
2021-04-06,20.0,16.6,25.0,3.7,,,8.8,,1015.8,
2021-04-07,20.2,16.0,27.0,2.2,,,11.4,,1018.4,
2021-04-08,20.6,17.0,26.0,10.9,,,15.5,,1020.3,
2021-04-09,19.7,17.0,24.0,12.2,,,10.1,,1018.5,
2021-04-10,19.7,16.0,25.0,10.4,,,9.6,,1018.0,
2021-04-11,20.0,15.0,29.0,2.9,,,9.0,,1019.8,
2021-04-12,20.0,15.8,25.0,5.1,,,12.9,,1020.5,
2021-04-13,19.8,17.0,26.0,8.2,,,11.6,,1020.4,
2021-04-14,20.0,16.0,27.0,2.8,,,4.5,,1019.8,
2021-04-15,20.5,16.0,26.0,1.9,,,7.7,,1019.6,
2021-04-16,20.9,17.0,26.0,1.7,,,12.3,,1019.1,
2021-04-17,21.5,18.0,27.0,1.9,,,12.7,,1019.8,
2021-04-18,20.6,17.0,25.0,6.6,,,13.4,,1020.1,
2021-04-19,19.8,16.0,25.0,5.8,,,11.5,,1019.5,
2021-04-20,19.7,15.4,26.0,4.4,,,15.7,,1018.4,
2021-04-21,20.4,15.7,26.0,6.1,,,11.8,,1019.8,
2021-04-22,19.3,16.0,24.0,16.7,,,8.1,,1020.5,
2021-04-23,18.9,15.0,23.0,4.5,,,6.5,,1018.9,
2021-04-24,20.2,17.0,25.0,9.0,,,11.7,,1018.6,
2021-04-25,19.7,17.0,24.0,27.2,,,11.5,,1019.3,
2021-04-26,20.2,15.4,25.0,1.8,,,7.7,,1019.1,
2021-04-27,20.8,17.0,26.0,2.9,,,11.6,,1019.3,
2021-04-28,20.5,18.0,25.0,10.3,,,15.7,,1018.2,
2021-04-29,20.8,17.0,26.0,10.0,,,14.5,,1018.9,
2021-04-30,20.7,17.0,26.0,1.5,,,9.8,,1018.3,
2021-05-01,20.8,15.9,25.0,2.0,,,5.8,,1018.4,
2021-05-02,20.1,17.0,24.0,3.4,,,3.2,,1018.7,
2021-05-03,19.9,16.8,25.0,15.2,,,7.4,,1018.1,
2021-05-04,19.6,16.0,23.0,15.8,,,7.1,,1018.4,
2021-05-05,20.0,17.0,26.0,13.6,,,10.0,,1018.8,
2021-05-06,19.0,14.2,25.0,1.2,,,6.4,,1018.7,
2021-05-07,19.2,13.7,26.0,15.6,,,5.8,,1018.3,
2021-05-08,20.0,16.2,27.0,11.5,,,5.3,,1019.5,
2021-05-09,18.8,16.0,23.0,26.2,,,6.1,,1020.3,
2021-05-10,18.9,16.0,24.0,22.9,,,8.3,,1020.8,
2021-05-11,18.1,13.9,22.0,14.6,,,4.9,,1020.4,
2021-05-12,18.6,16.0,22.0,7.9,,,7.9,,1021.5,
2021-05-13,18.3,16.0,23.0,12.3,,,7.4,,1021.4,
2021-05-14,18.7,16.0,23.0,9.6,,,6.5,,1021.2,
2021-05-15,19.6,15.0,25.0,0.0,,,8.1,,1021.2,
2021-05-16,20.2,16.0,25.0,0.4,,,4.1,,1020.5,
2021-05-17,19.9,15.0,25.0,0.1,,,9.5,,1020.4,
2021-05-18,19.2,15.6,24.0,0.8,,,8.0,,1021.4,
2021-05-19,19.5,17.0,24.0,0.0,,,8.9,,1021.9,
2021-05-20,20.0,15.0,25.0,0.0,,,7.2,,1022.1,
2021-05-21,19.4,15.0,24.0,0.0,,,9.0,,1018.1,
2021-05-22,19.2,14.2,24.0,0.0,,,8.8,,1020.1,
2021-05-23,19.2,15.0,25.0,0.2,,,8.8,,1021.2,
2021-05-24,18.5,15.0,22.0,3.7,,,7.8,,1023.0,
2021-05-25,18.7,14.0,23.0,0.9,,,8.8,,1022.5,
2021-05-26,17.1,13.0,22.0,0.0,,,10.2,,1021.5,
2021-05-27,18.0,14.0,23.0,0.0,,,10.9,,1022.6,
2021-05-28,19.0,15.0,24.0,0.5,,,5.6,,1022.5,
2021-05-29,19.5,16.0,24.0,1.3,,,9.1,,1021.9,
2021-05-30,18.0,15.0,21.0,3.0,,,10.0,,1021.8,
2021-05-31,18.2,15.0,23.0,0.5,,,9.4,,1021.0,
2021-06-01,17.9,13.0,22.0,0.2,,,11.5,,1020.6,
2021-06-02,18.8,13.0,23.0,0.0,,,11.5,,1021.4,
2021-06-03,18.5,13.0,25.0,0.0,,,9.1,,1022.0,
2021-06-04,18.0,14.8,23.0,0.2,,,9.8,,1022.3,
2021-06-05,18.0,15.0,22.0,0.1,,,8.4,,1021.5,
2021-06-06,18.1,15.0,23.0,1.0,,,9.2,,1022.3,
2021-06-07,18.5,15.0,24.0,0.0,,,8.8,,1023.0,
2021-06-08,16.8,12.0,22.0,0.4,,,6.6,,1023.3,
2021-06-09,17.3,15.0,20.0,1.3,,,7.0,,1022.6,
2021-06-10,17.6,15.0,22.0,0.1,,,6.6,,1021.6,
2021-06-11,18.6,14.0,23.0,0.1,,,7.3,,1021.2,
2021-06-12,16.1,14.0,19.0,0.2,,,4.5,,1021.7,
2021-06-13,16.8,12.0,22.0,0.0,,,6.5,,1022.5,
2021-06-14,18.2,12.0,24.0,0.2,,,5.9,,1021.0,
2021-06-15,18.5,13.0,25.0,0.6,,,7.4,,1020.6,
2021-06-16,17.8,15.0,22.0,1.5,,,6.6,,1021.7,
2021-06-17,17.6,14.0,22.0,1.3,,,8.8,,1022.0,
2021-06-18,18.2,14.0,23.0,0.6,,,11.9,,1023.5,
2021-06-19,17.8,15.0,23.0,0.9,,,8.9,,1023.9,
2021-06-20,16.7,14.0,22.0,0.1,,,8.3,,1024.1,
2021-06-21,17.5,13.0,22.0,0.0,,,7.2,,1023.5,
2021-06-22,17.8,15.0,22.0,2.0,,,11.5,,1022.8,
2021-06-23,15.9,8.0,20.0,1.0,,,7.3,,1022.9,
2021-06-24,17.1,12.3,23.0,0.0,,,5.5,,1022.2,
2021-06-25,16.5,13.0,20.0,0.0,,,5.3,,1022.1,
2021-06-26,17.8,13.0,23.0,1.0,,,7.6,,1020.6,
2021-06-27,16.0,13.0,19.0,0.7,,,7.0,,1020.8,
2021-06-28,17.2,13.4,23.0,1.4,,,9.3,,1021.4,
2021-06-29,17.1,14.0,23.0,0.2,,,8.6,,1022.2,
2021-06-30,17.3,13.7,23.0,0.4,,,6.7,,1023.8,
2021-07-01,18.4,13.0,26.0,0.3,,,6.3,,1023.0,
2021-07-02,17.2,13.1,22.0,0.4,,,9.4,,1022.8,
2021-07-03,16.4,12.0,21.0,0.1,,,7.5,,1022.1,
2021-07-04,16.9,12.0,22.0,0.0,,,5.8,,1021.7,
2021-07-05,16.2,12.0,19.0,0.0,,,5.4,,1022.2,
2021-07-06,16.1,13.0,21.0,0.0,,,15.1,,1018.7,
2021-07-07,17.0,13.0,21.0,0.0,,,9.3,,1021.2,
2021-07-08,16.7,14.0,19.0,0.0,,,5.2,,1023.1,
2021-07-09,16.3,13.0,20.0,1.4,,,7.9,,1023.6,
2021-07-10,16.1,13.0,19.0,0.2,,,5.2,,1022.9,
2021-07-11,16.5,13.0,20.0,0.5,,,5.3,,1022.5,
2021-07-12,15.7,14.0,18.0,3.3,,,7.6,,1023.2,
2021-07-13,18.2,13.0,24.0,1.0,,,9.1,,1022.6,
2021-07-14,18.5,15.0,23.0,1.9,,,9.4,,1022.1,
2021-07-15,17.1,15.0,20.2,2.2,,,5.5,,1022.0,
2021-07-16,18.1,13.0,24.0,0.6,,,10.0,,1021.5,
2021-07-17,15.7,11.0,20.0,0.0,,,7.2,,1021.4,
2021-07-18,17.1,14.0,22.0,0.0,,,6.4,,1021.7,
2021-07-19,18.2,14.0,23.0,0.0,,,8.3,,1021.8,
2021-07-20,18.1,14.0,23.0,0.0,,,7.8,,1023.4,
2021-07-21,17.9,14.0,22.0,0.0,,,8.2,,1025.4,
2021-07-22,18.7,14.0,25.0,0.0,,,9.4,,1024.3,
2021-07-23,18.4,15.0,24.0,0.9,,,6.6,,1022.5,
2021-07-24,19.0,15.0,24.0,0.0,,,11.3,,1021.8,
2021-07-25,17.2,14.0,23.0,0.0,,,9.1,,1022.5,
2021-07-26,18.1,13.0,23.0,0.0,,,12.8,,1022.6,
2021-07-27,17.7,13.0,22.0,0.0,,,9.0,,1021.7,
2021-07-28,16.4,13.0,20.0,0.0,,,9.0,,1021.7,
2021-07-29,15.7,14.0,18.0,0.4,,,4.3,,1023.2,
2021-07-30,16.7,14.0,22.0,1.1,,,8.0,,1023.4,
2021-07-31,17.5,13.0,25.0,0.0,,,8.6,,1024.2,
2021-08-01,16.9,12.0,21.0,0.1,,,12.8,,1024.5,
2021-08-02,17.7,14.0,23.0,0.2,,,11.9,,1024.4,
2021-08-03,18.1,13.0,22.0,0.3,,,9.1,,1024.8,
2021-08-04,16.6,13.0,19.0,0.0,,,10.5,,1024.9,
2021-08-05,18.4,14.0,24.0,0.4,,,10.4,,1024.5,
2021-08-06,17.0,13.0,22.0,0.0,,,7.3,,1023.9,
2021-08-07,18.7,15.0,24.0,0.7,,,6.9,,1022.5,
2021-08-08,17.9,14.5,23.0,0.2,,,6.3,,1021.9,
2021-08-09,18.0,14.0,24.0,5.7,,,4.5,,1022.0,
2021-08-10,17.5,13.0,27.0,7.7,,,7.1,,1021.5,
2021-08-11,16.1,15.0,19.4,6.1,,,5.6,,1020.8,
2021-08-12,16.1,14.0,19.9,2.8,,,4.9,,1020.3,
2021-08-13,15.9,10.9,21.0,0.0,,,6.4,,1020.6,
2021-08-14,16.8,14.0,20.0,0.2,,,5.2,,1023.2,
2021-08-15,17.2,14.0,21.0,0.6,,,6.4,,1023.2,
2021-08-16,16.3,12.5,20.0,0.6,,,9.8,,1023.8,
2021-08-17,18.1,14.0,24.0,0.5,,,8.6,,1023.6,
2021-08-18,17.0,15.0,21.0,0.7,,,6.7,,1021.8,
2021-08-19,17.6,14.0,25.0,3.0,,,7.3,,1019.1,
2021-08-20,18.0,14.0,24.0,0.5,,,6.9,,1020.0,
2021-08-21,19.1,15.0,25.0,0.0,,,7.7,,1020.7,
2021-08-22,19.6,15.0,25.0,1.9,,,10.2,,1021.3,
2021-08-23,20.1,14.0,26.0,0.2,,,12.5,,1021.1,
2021-08-24,19.4,12.0,26.0,0.0,,,10.1,,1021.0,
2021-08-25,18.8,15.0,25.0,0.0,,,9.7,,1021.0,
2021-08-26,18.0,14.0,25.0,0.0,,,5.2,,1021.0,
2021-08-27,19.8,10.0,27.0,0.0,,,10.2,,1020.9,
2021-08-28,20.6,12.0,28.0,0.0,,,11.0,,1019.8,
2021-08-29,20.9,12.0,30.0,0.0,,,13.3,,1017.1,
2021-08-30,19.7,14.0,26.0,0.0,,,7.9,,1018.0,
2021-08-31,19.8,15.0,25.0,0.1,,,5.9,,1019.1,
2021-09-01,19.0,15.0,23.0,0.6,,,11.7,,1019.8,
2021-09-02,18.9,16.0,23.0,1.7,,,11.0,,1020.4,
2021-09-03,17.7,15.0,21.0,1.6,,,10.6,,1020.7,
2021-09-04,17.7,13.9,21.0,1.6,,,6.2,,1020.9,
2021-09-05,18.2,14.0,23.0,0.1,,,6.4,,1021.2,
2021-09-06,18.2,14.7,23.0,0.9,,,7.4,,1021.6,
2021-09-07,17.4,14.0,23.0,0.9,,,5.9,,1022.0,
2021-09-08,18.9,15.0,25.0,0.9,,,8.8,,1020.0,
2021-09-09,17.4,14.2,23.0,2.3,,,8.1,,1020.6,
2021-09-10,17.9,15.0,22.0,3.2,,,11.2,,1023.2,
2021-09-11,17.1,14.0,21.0,0.0,,,7.4,,1023.4,
2021-09-12,18.8,14.0,24.0,0.3,,,9.1,,1022.2,
2021-09-13,19.2,15.0,25.0,0.4,,,9.9,,1021.4,
2021-09-14,19.1,12.8,26.0,0.3,,,10.9,,1020.7,
2021-09-15,19.4,2.0,26.0,0.5,,,10.1,,1021.0,
2021-09-16,20.0,16.0,26.0,0.5,,,8.0,,1020.5,
2021-09-17,20.4,13.0,28.0,1.1,,,7.7,,1018.2,
2021-09-18,20.9,15.0,29.0,1.0,,,10.4,,1018.8,
2021-09-19,21.3,15.0,28.0,0.0,,,10.2,,1020.6,
2021-09-20,19.6,12.0,26.0,0.0,,,10.2,,1020.7,
2021-09-21,19.2,14.0,24.0,0.4,,,8.4,,1021.2,
2021-09-22,20.4,16.0,26.0,0.2,,,10.1,,1020.9,
2021-09-23,19.5,15.0,24.0,0.2,,,10.7,,1021.1,
2021-09-24,18.9,15.0,25.0,0.8,,,13.2,,1020.9,
2021-09-25,19.2,15.0,24.0,0.5,,,8.0,,1020.8,
2021-09-26,19.4,14.3,25.0,1.7,,,12.2,,1019.9,
2021-09-27,21.2,15.0,28.0,0.2,,,8.7,,1020.2,
2021-09-28,21.0,13.0,28.0,0.1,,,10.5,,1020.1,
2021-09-29,21.3,12.0,29.0,0.0,,,13.3,,1019.3,
2021-09-30,21.4,17.0,28.0,0.8,,,12.5,,1019.8,
2021-10-01,20.8,17.0,27.0,1.9,,,11.3,,1019.2,
2021-10-02,21.2,15.0,28.0,0.2,,,11.2,,1018.5,
2021-10-03,20.9,15.0,30.0,0.1,,,8.7,,1018.9,
2021-10-04,20.5,15.0,28.0,0.0,,,4.0,,1020.0,
2021-10-05,21.0,14.0,29.0,0.1,,,8.3,,1018.3,
2021-10-06,20.1,11.6,28.0,0.1,,,5.4,,1018.0,
2021-10-07,20.9,15.0,27.5,0.1,,,6.4,,1017.6,
2021-10-08,20.6,13.9,27.1,0.0,,,5.4,,1016.2,
2021-10-09,19.5,15.3,24.0,1.7,,,9.7,,1018.9,
2021-10-10,20.8,16.0,27.0,0.5,,,10.8,,1020.4,
2021-10-11,19.8,16.0,25.0,1.5,,,9.9,,1020.0,
2021-10-12,20.2,14.5,26.5,0.0,,,6.0,,1019.2,
2021-10-13,18.2,12.5,22.5,0.0,,,10.1,,1019.1,
2021-10-14,21.1,16.0,27.5,2.2,,,15.0,,1020.3,
2021-10-15,21.5,17.0,27.1,0.0,,,18.7,,1019.6,
2021-10-16,21.6,17.0,28.0,1.4,,,17.1,,1018.8,
2021-10-17,20.9,14.0,28.0,3.8,,,11.9,,1017.6,
2021-10-18,21.2,16.0,27.2,0.0,,,12.7,,1018.7,
2021-10-19,20.9,17.0,26.0,2.9,,,17.0,,1020.5,
2021-10-20,19.3,16.0,22.0,2.0,,,10.0,,1021.5,
2021-10-21,20.0,16.0,24.0,2.9,,,12.6,,1021.5,
2021-10-22,20.8,15.0,27.0,0.8,,,11.4,,1020.8,
2021-10-23,21.1,14.4,27.7,1.0,,,13.6,,1019.8,
2021-10-24,22.1,17.0,28.5,0.0,,,14.8,,1020.0,
2021-10-25,21.4,16.6,29.0,0.9,,,17.7,,1020.2,
2021-10-26,21.0,15.9,27.0,1.3,,,16.9,,1019.6,
2021-10-27,20.1,16.0,26.0,1.2,,,15.4,,1021.7,
2021-10-28,20.7,15.0,27.1,0.8,,,7.7,,1020.0,
2021-10-29,21.3,16.0,27.2,0.1,,,15.5,,1019.0,
2021-10-30,20.3,17.0,25.5,1.6,,,14.2,,1019.5,
2021-10-31,21.3,17.0,27.5,0.8,,,15.9,,1020.4,
2021-11-01,21.9,17.0,27.5,0.0,,,18.4,,1019.8,
2021-11-02,20.8,16.9,26.7,0.3,,,12.1,,1016.4,
2021-11-03,19.9,13.6,26.7,0.2,,,12.2,,1015.6,
2021-11-04,20.1,15.4,26.2,0.8,,,9.8,,1016.0,
2021-11-05,21.0,14.2,27.0,3.0,,,14.5,,1018.0,
2021-11-06,21.5,18.0,28.3,1.0,,,12.4,,1019.8,
2021-11-07,22.6,17.0,29.0,0.4,,,12.8,,1018.0,
2021-11-08,22.1,17.0,28.0,0.0,,,11.5,,1018.4,
2021-11-09,22.1,16.0,28.1,0.0,,,17.7,,1019.9,
2021-11-10,21.1,16.5,26.0,2.7,,,18.5,,1020.8,
2021-11-11,21.7,18.0,27.0,0.7,,,15.9,,1018.9,
2021-11-12,21.4,15.0,27.0,0.1,,,11.5,,1018.4,
2021-11-13,21.8,18.0,27.0,0.0,,,18.4,,1019.5,
2021-11-14,20.8,17.0,27.0,1.5,,,15.6,,1020.1,
2021-11-15,21.0,17.0,26.0,2.4,,,12.7,,1020.1,
2021-11-16,20.4,15.0,25.0,1.7,,,11.8,,1016.7,
2021-11-17,21.3,17.0,27.0,0.8,,,15.4,,1018.6,
2021-11-18,21.9,18.0,27.0,0.2,,,17.5,,1020.3,
2021-11-19,22.2,18.0,28.0,1.7,,,13.4,,1019.2,
2021-11-20,20.3,15.7,28.0,1.8,,,8.2,,1017.0,
2021-11-21,20.9,17.0,27.0,1.9,,,15.1,,1017.9,
2021-11-22,19.8,16.0,26.1,0.2,,,9.9,,1017.2,
2021-11-23,21.0,14.4,27.0,0.0,,,10.3,,1018.1,
2021-11-24,22.2,16.5,28.0,0.3,,,10.3,,1017.1,
2021-11-25,22.6,18.0,28.0,0.3,,,15.9,,1016.9,
2021-11-26,21.3,17.0,27.0,2.2,,,15.2,,1019.7,
2021-11-27,18.5,14.9,24.0,6.0,,,9.0,,1020.2,
2021-11-28,19.0,15.0,24.0,6.3,,,10.7,,1019.1,
2021-11-29,19.4,15.7,24.0,1.6,,,14.8,,1019.3,
2021-11-30,18.8,16.0,23.0,3.4,,,14.5,,1020.1,
2021-12-01,20.1,15.4,25.0,0.9,,,13.0,,1018.5,
2021-12-02,17.9,15.0,20.0,5.8,,,7.9,,1018.9,
2021-12-03,17.7,15.0,21.0,16.0,,,7.5,,1020.5,
2021-12-04,18.9,16.0,23.0,7.0,,,12.7,,1021.0,
2021-12-05,19.3,15.3,24.0,3.0,,,17.3,,1021.2,
2021-12-06,19.8,17.0,24.0,2.6,,,14.6,,1021.1,
2021-12-07,19.9,17.0,25.0,2.9,,,14.7,,1020.6,
2021-12-08,20.3,17.0,25.0,2.7,,,14.7,,1021.2,
2021-12-09,20.1,17.0,25.0,1.6,,,16.3,,1020.3,
2021-12-10,19.8,15.5,24.0,1.7,,,13.1,,1019.4,
2021-12-11,19.9,17.0,25.0,1.0,,,17.4,,1019.4,
2021-12-12,17.5,13.0,22.4,0.3,,,13.3,,1016.0,
2021-12-13,17.2,12.2,23.5,1.5,,,12.5,,1015.9,
2021-12-14,18.5,15.1,24.0,6.6,,,15.4,,1016.4,
2021-12-15,19.0,17.0,24.0,4.8,,,15.6,,1019.2,
2021-12-16,19.1,17.0,24.0,3.6,,,18.6,,1019.3,
2021-12-17,19.2,15.2,24.0,1.3,,,17.0,,1019.1,
2021-12-18,20.2,17.0,25.0,4.0,,,12.1,,1020.0,
2021-12-19,20.5,17.0,25.0,2.8,,,18.2,,1020.1,
2021-12-20,20.7,18.0,26.0,1.6,,,18.8,,1020.3,
2021-12-21,18.3,16.0,21.0,6.1,,,18.2,,1021.5,
2021-12-22,18.0,15.0,22.0,4.3,,,12.8,,1019.9,
2021-12-23,19.1,16.0,23.0,5.7,,,19.9,,1019.5,
2021-12-24,20.0,16.0,25.0,5.1,,,15.8,,1019.4,
2021-12-25,19.4,15.8,24.0,3.2,,,14.4,,1019.8,
2021-12-26,19.2,15.6,24.0,11.4,,,15.2,,1020.1,
2021-12-27,19.6,15.7,24.0,2.1,,,14.2,,1020.3,
2021-12-28,19.9,15.3,25.0,2.3,,,13.5,,1019.9,
2021-12-29,20.1,15.0,25.0,0.1,,,10.1,,1018.3,
2021-12-30,20.7,17.0,26.0,1.6,,,16.7,,1018.6,
2021-12-31,20.7,17.0,26.0,0.1,,,13.9,,1019.8,
2022-01-01,20.3,13.5,26.0,0.0,,,9.4,,1019.9,
2022-01-02,20.8,15.2,26.0,0.0,,,12.0,,1019.1,
2022-01-03,20.3,16.0,27.0,0.0,,,16.2,,1018.6,
2022-01-04,20.8,15.0,27.0,0.0,,,14.8,,1018.4,
2022-01-05,20.7,14.9,26.0,0.0,,,11.8,,1020.0,
2022-01-06,20.8,17.0,26.0,2.4,,,15.2,,1018.5,
2022-01-07,21.0,18.0,26.0,1.0,,,17.4,,1019.8,
2022-01-08,20.8,14.9,26.0,0.1,,,13.9,,1019.8,
2022-01-09,20.2,14.4,26.0,0.3,,,14.2,,1019.4,
2022-01-10,20.5,14.2,28.0,0.0,,,16.3,,1018.1,
2022-01-11,20.3,17.0,26.0,0.0,,,18.1,,1016.7,
2022-01-12,20.0,14.0,26.0,0.0,,,19.6,,1019.6,
2022-01-13,21.0,15.0,27.0,0.0,,,16.9,,1019.6,
2022-01-14,21.3,14.0,28.0,0.0,,,12.1,,1019.3,
2022-01-15,19.5,14.9,27.0,0.5,,,8.0,,1018.3,
2022-01-16,20.4,14.2,28.0,4.4,,,7.4,,1017.3,
2022-01-17,19.3,14.7,24.0,12.1,,,19.0,,1019.1,
2022-01-18,18.8,14.5,25.0,20.5,,,6.2,,1020.2,
2022-01-19,19.8,16.0,26.0,0.0,,,7.5,,1019.0,
2022-01-20,20.7,14.0,27.0,0.0,,,10.9,,1019.2,
2022-01-21,19.6,16.0,25.0,0.0,,,12.2,,1019.0,
2022-01-22,20.5,16.0,26.0,0.0,,,11.5,,1019.4,
2022-01-23,20.5,14.0,26.0,0.0,,,14.8,,1019.4,
2022-01-24,21.0,16.0,26.0,0.0,,,11.9,,1017.9,
2022-01-25,21.1,16.0,27.0,0.0,,,12.1,,1018.0,
2022-01-26,20.8,14.0,27.0,0.0,,,10.3,,1018.3,
2022-01-27,20.9,15.0,27.0,0.0,,,12.6,,1019.0,
2022-01-28,21.9,16.0,29.0,0.0,,,11.7,,1017.7,
2022-01-29,20.9,15.9,27.0,0.0,,,11.4,,1018.2,
2022-01-30,21.0,16.0,26.0,0.0,,,11.9,,1018.6,
2022-01-31,20.6,16.0,27.0,0.2,,,11.2,,1017.4,
2022-02-01,21.9,18.0,27.0,0.8,,,10.8,,1017.8,
2022-02-02,22.0,19.0,26.0,0.7,,,12.3,,1018.5,
2022-02-03,20.7,18.0,24.0,1.6,,,13.1,,1019.1,
2022-02-04,20.8,15.0,26.0,0.0,,,10.4,,1019.1,
2022-02-05,20.8,15.0,29.0,0.0,,,8.6,,1018.2,
2022-02-06,21.5,15.1,28.0,0.6,,,9.9,,1018.2,
2022-02-07,20.9,18.0,25.0,0.0,,,8.7,,1020.0,
2022-02-08,21.0,17.0,26.0,0.0,,,13.7,,1019.8,
2022-02-09,21.3,17.0,26.0,0.0,,,15.6,,1019.0,
2022-02-10,21.5,14.0,28.0,0.0,,,10.0,,1018.5,
2022-02-11,22.0,17.0,28.0,0.1,,,10.6,,1017.7,
2022-02-12,22.4,17.0,28.0,0.0,,,9.6,,1017.5,
2022-02-13,22.4,13.5,29.0,0.0,,,11.8,,1016.6,
2022-02-14,22.2,15.0,29.0,0.0,,,9.4,,1016.9,
2022-02-15,21.8,18.0,27.0,0.0,,,6.6,,1018.1,
2022-02-16,22.4,16.0,29.0,0.0,,,9.2,,1017.7,
2022-02-17,23.8,16.0,30.0,0.0,,,8.7,,1016.3,
2022-02-18,22.1,17.0,28.0,0.0,,,8.6,,1017.0,
2022-02-19,22.6,18.0,29.0,0.0,,,9.3,,1016.7,
2022-02-20,23.1,17.0,30.0,0.0,,,13.2,,1017.0,
2022-02-21,21.2,17.0,28.0,0.0,,,11.1,,1018.1,
2022-02-22,20.4,17.0,27.0,0.7,,,7.5,,1018.1,
2022-02-23,19.8,16.0,26.0,4.9,,,5.9,,1019.0,
2022-02-24,19.3,16.0,23.0,0.8,,,11.5,,1020.3,
2022-02-25,19.8,14.0,25.0,0.3,,,12.4,,1020.2,
2022-02-26,21.8,15.0,28.0,0.0,,,10.0,,1020.1,
2022-02-27,22.9,16.0,29.0,0.0,,,11.6,,1019.8,
2022-02-28,23.2,18.0,28.0,0.0,,,18.9,,1018.9,
2022-03-01,22.2,18.0,27.0,0.0,,,18.3,,1018.1,
2022-03-02,21.7,15.0,27.0,0.3,,,14.4,,1018.2,
2022-03-03,22.5,16.0,29.0,0.0,,,12.9,,1019.5,
2022-03-04,22.6,15.0,29.0,0.0,,,10.9,,1018.7,
2022-03-05,22.1,14.0,29.0,0.0,,,11.7,,1017.8,
2022-03-06,22.5,16.0,29.0,0.0,,,12.9,,1017.0,
2022-03-07,22.1,15.0,29.0,0.0,,,11.3,,1016.4,
2022-03-08,23.1,17.0,29.0,0.1,,,14.2,,1016.9,
2022-03-09,22.7,17.8,29.0,0.0,,,19.2,,1016.0,
2022-03-10,23.0,18.0,30.0,0.0,,,17.0,,1017.8,
2022-03-11,23.2,17.0,29.0,0.0,,,13.2,,1018.1,
2022-03-12,23.0,18.0,30.0,0.0,,,19.8,,1015.3,
2022-03-13,22.8,15.0,30.0,0.0,,,12.6,,1016.6,
2022-03-14,23.4,16.0,30.0,0.0,,,11.7,,1018.4,
2022-03-15,23.4,16.5,30.0,0.0,,,11.9,,1017.2,
2022-03-16,24.0,17.0,31.0,0.0,,,12.2,,1016.3,
2022-03-17,23.8,18.0,30.0,0.0,,,16.5,,1016.1,
2022-03-18,22.4,16.0,28.0,0.0,,,14.0,,1019.4,
2022-03-19,21.4,13.8,27.7,0.0,,,9.5,,1015.3,
2022-03-20,22.3,14.7,29.0,0.1,,,14.4,,1015.5,
2022-03-21,23.1,18.0,29.0,0.5,,,17.0,,1017.0,
2022-03-22,22.6,15.1,28.0,0.2,,,17.5,,1018.8,
2022-03-23,23.0,17.0,29.0,0.0,,,14.4,,1020.3,
2022-03-24,23.6,19.0,28.0,0.4,,,17.3,,1019.5,
2022-03-25,23.5,15.1,30.0,0.4,,,12.0,,1018.7,
2022-03-26,22.0,18.0,27.0,4.1,,,18.6,,1018.5,
2022-03-27,21.3,18.0,27.0,0.5,,,9.0,,1020.1,
2022-03-28,21.5,17.0,27.0,3.1,,,15.3,,1018.5,
2022-03-29,21.2,16.4,27.0,2.3,,,12.6,,1017.5,
2022-03-30,20.8,17.0,26.0,1.3,,,18.6,,1017.6,
2022-03-31,21.3,18.0,26.0,2.3,,,16.9,,1019.1,
2022-04-01,20.2,17.0,24.0,5.4,,,15.3,,1019.9,
2022-04-02,19.8,16.0,25.0,3.8,,,17.2,,1018.7,
2022-04-03,20.9,15.0,27.0,2.9,,,15.1,,1018.9,
2022-04-04,21.8,17.0,28.0,0.3,,,10.6,,1019.3,
2022-04-05,22.4,16.6,28.0,0.3,,,7.9,,1018.9,
2022-04-06,21.6,15.0,28.0,1.0,,,14.9,,1018.3,
2022-04-07,22.3,18.0,27.0,1.1,,,17.1,,1019.9,
2022-04-08,22.2,18.0,27.0,0.0,,,17.9,,1019.7,
2022-04-09,22.2,19.0,27.0,0.5,,,13.7,,1019.2,
2022-04-10,20.2,14.8,26.0,1.5,,,14.5,,1016.2,
2022-04-11,20.5,14.9,27.2,0.2,,,7.5,,1014.5,
2022-04-12,21.2,13.1,28.0,0.2,,,9.6,,1014.5,
2022-04-13,22.0,18.0,27.0,2.0,,,9.3,,1016.8,
2022-04-14,21.5,18.0,27.0,1.7,,,14.1,,1016.9,
2022-04-15,21.4,16.2,26.0,1.9,,,12.3,,1017.5,
2022-04-16,20.8,14.9,27.0,1.1,,,4.9,,1015.6,
2022-04-17,20.6,16.0,27.0,2.6,,,9.8,,1018.6,
2022-04-18,19.9,17.0,26.0,3.8,,,9.4,,1018.7,
2022-04-19,20.7,17.0,25.0,1.4,,,6.5,,1018.4,
2022-04-20,20.1,16.0,26.0,6.3,,,8.9,,1018.0,
2022-04-21,19.4,15.7,24.0,9.8,,,8.3,,1017.8,
2022-04-22,19.8,16.0,25.0,12.2,,,7.7,,1018.8,
2022-04-23,20.2,17.0,24.0,4.0,,,12.1,,1017.6,
2022-04-24,19.3,16.3,23.0,4.1,,,10.2,,1017.4,
2022-04-25,20.6,16.8,25.0,1.9,,,6.8,,1017.2,
2022-04-26,21.1,17.0,26.0,6.9,,,7.9,,1018.3,
2022-04-27,20.2,18.0,24.0,12.8,,,5.9,,1017.7,
2022-04-28,19.1,16.2,22.0,13.5,,,6.9,,1018.2,
2022-04-29,19.5,15.1,24.0,3.9,,,7.5,,1019.5,
2022-04-30,20.5,17.0,26.0,2.0,,,10.7,,1020.3,
2022-05-01,20.1,17.0,25.0,3.7,,,6.6,,1019.7,
2022-05-02,20.0,15.4,25.0,2.1,,,6.3,,1020.0,
2022-05-03,19.5,15.8,23.0,5.8,,,7.1,,1020.3,
2022-05-04,19.2,15.0,24.0,1.6,,,5.4,,1021.7,
2022-05-05,18.5,14.1,23.0,2.2,,,4.2,,1021.8,
2022-05-06,19.4,15.0,24.0,15.4,,,7.6,,1020.7,
2022-05-07,19.6,16.0,25.0,2.0,,,8.8,,1020.3,
2022-05-08,21.0,17.0,26.0,3.5,,,9.6,,1020.2,
2022-05-09,20.4,17.0,26.0,2.1,,,6.7,,1020.8,
2022-05-10,20.3,16.7,26.0,0.8,,,11.0,,1018.2,
2022-05-11,20.9,15.4,26.0,0.4,,,9.9,,1019.1,
2022-05-12,20.8,16.0,26.0,0.0,,,8.4,,1021.4,
2022-05-13,21.0,16.1,27.0,0.0,,,11.0,,1020.7,
2022-05-14,20.8,16.7,27.0,0.0,,,11.5,,1021.0,
2022-05-15,21.0,17.0,26.0,0.0,,,13.6,,1022.9,
2022-05-16,19.4,15.0,24.0,0.5,,,8.5,,1023.2,
2022-05-17,19.4,15.0,24.0,0.0,,,8.3,,1021.0,
2022-05-18,19.5,16.0,24.0,0.0,,,6.6,,1020.4,
2022-05-19,19.6,15.0,25.0,0.0,,,9.8,,1020.6,
2022-05-20,20.7,16.0,26.0,0.0,,,10.2,,1021.0,
2022-05-21,21.0,17.0,27.0,0.0,,,8.9,,1021.4,
2022-05-22,21.5,17.0,26.0,0.0,,,12.8,,1020.5,
2022-05-23,22.4,18.0,28.0,0.0,,,9.7,,1020.1,
2022-05-24,20.9,14.0,27.0,0.0,,,10.9,,1020.3,
2022-05-25,20.5,16.0,26.0,0.0,,,8.6,,1021.3,
2022-05-26,20.3,17.0,27.0,,,,7.4,,1022.9,
2022-05-27,20.1,16.0,26.0,,,,7.9,,,
2022-05-28,19.0,15.2,24.0,0.4,,,5.0,,1021.1,
2022-05-29,19.4,14.8,25.0,1.1,,,7.7,,1020.6,
2022-05-30,18.6,15.0,24.0,0.0,,,9.4,,1022.8,
2022-05-31,18.7,16.0,23.0,0.0,,,7.4,,1020.9,
2022-06-01,19.4,15.3,25.0,0.9,,,9.7,,1021.0,
2022-06-02,18.9,15.0,24.0,3.5,,,11.0,,1019.8,
2022-06-03,18.0,14.0,23.0,0.0,,,9.2,,1021.7,
2022-06-04,18.3,12.8,24.0,0.0,,,13.0,,1020.7,
2022-06-05,18.6,12.0,25.0,0.0,,,7.1,,1020.4,
2022-06-06,18.7,15.0,23.0,0.1,,,9.0,,1020.8,
2022-06-07,18.3,15.0,23.2,1.8,,,10.0,,1019.9,
2022-06-08,19.1,15.0,23.0,0.1,,,5.3,,1021.5,
2022-06-09,18.2,14.0,23.0,0.1,,,7.3,,1021.4,
2022-06-10,18.8,15.0,24.0,0.1,,,8.7,,1020.8,
2022-06-11,18.9,16.0,23.0,0.0,,,6.3,,1022.1,
2022-06-12,18.5,14.7,23.0,0.0,,,7.3,,1021.0,
2022-06-13,18.0,15.0,21.0,0.0,,,5.0,,1021.8,
2022-06-14,19.8,15.0,26.0,0.0,,,9.3,,1020.6,
2022-06-15,19.7,16.0,25.0,0.0,,,7.2,,1021.0,
2022-06-16,19.7,14.3,26.0,0.0,,,9.1,,1021.7,
2022-06-17,17.8,13.7,23.5,0.5,,,7.4,,1018.0,
2022-06-18,17.8,12.3,24.0,0.0,,,10.7,,1019.6,
2022-06-19,18.0,13.6,22.0,0.4,,,9.0,,1020.1,
2022-06-20,18.2,15.0,23.0,0.1,,,7.3,,1023.6,
2022-06-21,18.5,13.0,24.0,0.0,,,10.2,,1022.6,
2022-06-22,18.2,13.6,23.0,0.0,,,7.8,,1020.7,
2022-06-23,17.9,15.0,23.0,1.6,,,9.0,,1021.7,
2022-06-24,16.8,14.0,21.0,0.8,,,4.4,,1022.3,
2022-06-25,17.9,14.0,23.0,0.0,,,4.3,,1021.5,
2022-06-26,17.3,15.0,21.0,0.4,,,6.7,,1021.5,
2022-06-27,17.3,14.0,21.0,0.1,,,5.7,,1023.0,
2022-06-28,16.8,14.0,20.0,0.0,,,5.0,,1022.2,
2022-06-29,16.2,11.0,21.0,0.0,,,6.3,,1023.1,
2022-06-30,17.5,12.0,24.0,0.2,,,5.7,,1023.0,
2022-07-01,16.3,12.9,19.3,0.0,,,6.6,,1021.8,
2022-07-02,18.0,11.7,25.0,0.0,,,11.0,,1022.4,
2022-07-03,17.7,9.3,25.0,0.0,,,9.2,,1022.8,
2022-07-04,17.7,12.0,25.0,0.0,,,5.1,,1023.0,
2022-07-05,18.0,14.0,24.0,0.0,,,3.2,,1022.3,
2022-07-06,18.3,14.0,24.0,0.0,,,6.1,,1019.4,
2022-07-07,16.8,11.1,21.0,0.0,,,8.1,,1021.6,
2022-07-08,15.8,12.6,18.0,1.6,,,6.5,,1023.0,
2022-07-09,15.2,12.7,18.4,0.6,,,5.4,,1021.6,
2022-07-10,16.6,12.8,20.0,0.0,,,4.9,,1020.5,
2022-07-11,17.5,13.0,24.0,1.2,,,10.3,,1020.7,
2022-07-12,14.9,13.0,17.0,1.2,,,8.3,,1023.5,
2022-07-13,17.3,11.7,24.0,0.3,,,6.9,,1022.4,
2022-07-14,17.1,12.0,23.0,0.1,,,7.7,,1020.9,
2022-07-15,18.0,14.0,23.0,0.0,,,8.3,,1021.1,
2022-07-16,17.9,14.1,22.0,0.0,,,8.9,,1022.6,
2022-07-17,16.2,14.0,19.0,0.0,,,7.5,,1022.2,
2022-07-18,16.9,14.0,21.0,0.8,,,9.3,,1022.3,
2022-07-19,16.6,14.0,21.0,0.0,,,7.5,,1022.7,
2022-07-20,17.0,13.0,22.0,0.2,,,7.9,,1023.0,
2022-07-21,16.6,12.0,21.0,0.3,,,6.2,,1022.0,
2022-07-22,16.8,13.0,21.0,0.7,,,9.8,,1022.3,
2022-07-23,17.6,14.0,22.0,0.0,,,9.5,,1022.7,
2022-07-24,17.8,13.0,25.0,0.0,,,6.9,,1021.0,
2022-07-25,18.5,14.0,23.0,0.0,,,8.9,,1021.5,
2022-07-26,18.0,14.0,23.0,0.0,,,7.9,,1021.2,
2022-07-27,18.4,14.0,24.0,0.0,,,8.4,,1021.2,
2022-07-28,18.2,14.0,24.0,0.0,,,9.3,,1020.9,
2022-07-29,17.9,14.0,23.0,1.3,,,8.5,,1021.2,
2022-07-30,17.6,15.0,22.0,2.7,,,10.3,,1022.1,
2022-07-31,17.8,14.0,24.0,0.0,,,12.1,,1022.0,
2022-08-01,16.6,15.0,18.0,2.4,,,8.6,,1023.2,
2022-08-02,15.5,14.0,17.0,6.4,,,2.8,,1023.1,
2022-08-03,16.3,14.0,19.0,0.5,,,1.5,,1022.1,
2022-08-04,15.5,14.0,19.0,3.6,,,5.9,,1023.0,
2022-08-05,15.3,13.0,19.0,0.8,,,3.9,,1023.3,
2022-08-06,17.0,11.0,24.0,0.0,,,4.2,,1022.0,
2022-08-07,16.5,11.0,22.0,0.0,,,8.2,,1021.4,
2022-08-08,16.8,13.0,22.0,0.0,,,7.3,,1021.6,
2022-08-09,17.1,12.0,23.0,0.0,,,5.7,,1021.7,
2022-08-10,18.1,13.0,25.0,0.0,,,9.8,,1021.7,247.0
2022-08-11,16.8,13.0,21.0,2.6,,,14.7,,1021.5,165.0
2022-08-12,16.7,13.0,21.0,0.7,,,15.7,,1022.2,123.0
2022-08-13,16.7,13.0,21.0,1.6,,,9.4,,1021.1,97.0
2022-08-14,17.1,14.0,22.0,0.6,,,6.7,,1021.1,154.0
2022-08-15,18.4,15.0,23.0,0.2,,,8.9,,1020.2,155.0
2022-08-16,19.3,16.0,25.0,0.7,,,10.0,,1020.2,201.0
2022-08-17,16.8,14.0,21.0,1.8,,,6.4,,1021.7,171.0
2022-08-18,17.6,10.0,25.0,0.0,,,7.8,,1021.8,421.0
2022-08-19,18.6,10.0,27.0,0.0,,,9.5,,1021.5,488.0
2022-08-20,20.7,11.5,28.0,0.0,,,9.8,,1019.8,530.0
2022-08-21,21.0,13.0,27.0,0.0,,,11.3,,1021.2,400.0
2022-08-22,18.7,13.0,24.0,0.0,,,11.2,,1022.2,326.0
2022-08-23,17.0,13.0,20.0,0.0,,,7.5,,1023.2,248.0
2022-08-24,17.5,11.8,22.0,0.0,,,10.6,,1023.5,246.0
2022-08-25,16.4,13.0,20.0,0.2,,,5.4,,1022.3,164.0
2022-08-26,18.1,15.0,23.0,1.3,,,8.7,,1021.1,120.0
2022-08-27,16.0,15.0,18.0,1.5,,,8.6,,1020.4,82.0
2022-08-28,17.3,14.0,21.0,0.0,,,8.7,,1020.1,175.0
2022-08-29,19.2,13.0,26.0,0.0,,,8.3,,1020.5,225.0
2022-08-30,19.0,13.0,26.0,0.4,,,5.0,,1020.6,318.0
2022-08-31,17.4,13.3,21.0,0.7,,,5.5,,1021.1,270.0
2022-09-01,18.9,14.0,24.0,0.0,,,6.3,,1020.5,226.0
2022-09-02,16.5,14.0,19.0,0.0,,,5.8,,1021.3,217.0
2022-09-03,17.8,13.0,23.0,0.0,,,7.1,,1021.3,149.0
2022-09-04,19.0,13.0,26.0,0.0,,,6.9,,1022.0,244.0
2022-09-05,19.2,14.0,26.0,0.3,,,8.4,,1022.1,229.0
2022-09-06,18.1,14.0,25.0,4.4,,,6.7,,1021.1,218.0
2022-09-07,16.3,15.0,21.6,2.1,,,6.5,,1020.2,66.0
2022-09-08,16.0,14.0,19.0,2.7,,,4.0,,1021.5,49.0
2022-09-09,17.0,14.0,20.0,0.0,,,6.5,,1021.0,108.0
2022-09-10,18.4,14.0,24.0,0.3,,,6.3,,1021.5,167.0
2022-09-11,20.0,15.0,26.0,0.3,,,9.3,,1020.8,248.0
2022-09-12,19.8,15.0,26.0,0.7,,,4.9,,1019.9,237.0
2022-09-13,19.1,13.0,25.0,1.3,,,11.5,,1021.0,232.0
2022-09-14,18.2,15.0,21.0,0.2,,,11.9,,1023.1,155.0
2022-09-15,17.4,12.5,23.0,0.1,,,11.3,,1022.1,156.0
2022-09-16,18.8,15.0,24.0,0.0,,,10.0,,1022.7,247.0
2022-09-17,18.9,15.0,25.0,0.0,,,12.5,,1021.2,218.0
2022-09-18,18.0,14.0,24.0,0.0,,,5.9,,1021.1,235.0
2022-09-19,20.3,15.0,27.0,0.0,,,10.0,,1022.0,346.0
2022-09-20,20.3,14.9,27.0,0.2,,,10.3,,1020.9,340.0
2022-09-21,20.3,16.0,27.0,0.0,,,15.4,,1020.4,418.0
2022-09-22,19.9,15.0,27.0,0.3,,,12.3,,1020.9,388.0
2022-09-23,19.7,15.0,27.0,0.0,,,11.5,,1021.3,392.0
2022-09-24,20.2,14.0,27.0,0.2,,,8.4,,1021.3,423.0
2022-09-25,19.7,14.0,24.0,1.0,,,25.9,,1021.1,341.0
2022-09-26,19.5,14.7,25.0,1.5,,,11.1,,1021.8,272.0
2022-09-27,20.1,15.0,26.5,1.2,,,14.8,,1022.0,335.0
2022-09-28,19.6,11.0,27.0,0.0,,,9.9,,1020.6,489.0
2022-09-29,19.8,12.0,26.0,0.0,,,8.6,,1020.6,406.0
2022-09-30,19.6,15.0,26.0,0.0,,,10.6,,1020.8,270.0
2022-10-01,20.3,15.0,28.0,0.4,,,12.6,,1021.8,310.0
2022-10-02,21.2,14.0,28.0,0.0,,,14.3,,1020.7,341.0
2022-10-03,18.9,13.0,27.0,0.7,,,8.3,,1019.7,344.0
2022-10-04,19.2,14.0,27.0,0.9,,,8.9,,1020.5,322.0
2022-10-05,19.4,15.0,26.0,0.1,,,12.5,,1021.8,379.0
2022-10-06,19.6,15.0,25.0,1.2,,,13.0,,1021.7,265.0
2022-10-07,19.7,15.0,25.0,0.1,,,12.1,,1019.6,291.0
2022-10-08,19.0,14.0,25.0,0.0,,,11.9,,1021.4,197.0
2022-10-09,19.2,15.0,25.0,0.0,,,13.9,,1021.8,255.0
2022-10-10,19.6,15.0,26.0,0.0,,,11.9,,1023.2,297.0
2022-10-11,19.4,14.0,26.0,0.0,,,10.4,,1022.5,379.0
2022-10-12,19.3,12.0,27.0,0.0,,,11.2,,1020.9,453.0
2022-10-13,20.0,12.0,27.0,0.0,,,10.3,,1020.8,443.0
2022-10-14,20.0,14.0,27.0,0.0,,,16.1,,1021.0,421.0
2022-10-15,19.9,14.0,26.0,0.4,,,20.7,,1020.0,317.0
2022-10-16,20.6,15.0,26.0,0.0,,,20.9,,1021.2,273.0
2022-10-17,21.3,16.0,28.0,0.9,,,18.7,,1022.5,311.0
2022-10-18,20.4,16.0,27.0,1.3,,,18.6,,1022.8,251.0
2022-10-19,19.9,16.0,26.0,0.0,,,14.8,,1021.5,301.0
2022-10-20,20.0,15.0,27.0,0.0,,,15.5,,1020.7,263.0
2022-10-21,20.1,14.3,27.0,0.0,,,15.2,,1021.5,353.0
2022-10-22,20.3,14.0,28.0,0.0,,,12.9,,1022.3,495.0
2022-10-23,21.5,17.0,27.0,0.2,,,17.7,,1022.4,397.0
2022-10-24,22.1,17.0,29.0,0.0,,,14.0,,1021.0,433.0
2022-10-25,22.2,17.0,28.0,0.0,,,17.2,,1020.8,429.0
2022-10-26,21.9,17.0,28.0,0.0,,,17.9,,1021.3,439.0
2022-10-27,21.7,18.0,28.0,1.3,,,17.6,,1021.3,389.0
2022-10-28,22.2,16.0,28.0,0.5,,,16.2,,1020.5,341.0
2022-10-29,21.8,17.0,28.0,0.0,,,18.1,,1019.8,353.0
2022-10-30,21.3,17.0,27.0,0.0,,,16.0,,1020.0,376.0
2022-10-31,21.1,15.5,26.0,8.7,,,17.1,,1019.3,266.0
2022-11-01,18.7,15.7,23.0,16.8,,,11.3,,1020.9,201.0
2022-11-02,18.7,15.3,23.0,5.2,,,16.1,,1021.7,131.0
2022-11-03,16.5,14.7,21.9,15.3,,,8.5,,1016.4,154.0
2022-11-04,18.9,13.1,25.2,7.7,,,10.8,,1017.2,227.0
2022-11-05,20.6,15.8,26.0,0.4,,,15.8,,1020.6,278.0
2022-11-06,19.9,17.0,25.0,1.7,,,16.1,,1021.5,249.0
2022-11-07,20.2,17.0,27.0,2.8,,,17.1,,1022.2,250.0
2022-11-08,20.6,17.0,26.0,2.9,,,19.3,,1021.6,305.0
2022-11-09,20.9,16.0,27.0,0.4,,,16.5,,1020.2,327.0
2022-11-10,21.5,18.0,27.0,0.3,,,19.0,,1020.6,288.0
2022-11-11,20.0,17.0,25.0,2.4,,,17.6,,1021.1,188.0
2022-11-12,19.0,15.4,23.0,14.5,,,12.6,,1021.8,163.0
2022-11-13,20.0,17.0,25.0,0.6,,,9.0,,1021.4,165.0
2022-11-14,18.6,15.0,24.0,8.2,,,8.7,,1021.6,159.0
2022-11-15,18.7,15.0,23.0,3.2,,,11.4,,1021.1,135.0
2022-11-16,18.3,16.0,21.0,5.8,,,11.3,,1019.6,103.0
2022-11-17,17.3,14.7,21.0,5.3,,,8.1,,1019.6,103.0
2022-11-18,19.5,15.0,25.0,0.1,,,11.1,,1020.7,184.0
2022-11-19,19.2,16.0,24.0,2.5,,,16.6,,1020.9,176.0
2022-11-20,18.9,15.0,23.0,1.5,,,9.9,,1020.6,202.0
2022-11-21,20.7,17.0,27.0,1.0,,,13.2,,1019.3,204.0
2022-11-22,19.2,16.0,24.0,3.0,,,14.8,,1020.6,218.0
2022-11-23,17.9,16.0,21.0,2.7,,,11.1,,1021.4,154.0
2022-11-24,18.1,15.0,23.0,1.8,,,10.4,,1020.8,193.0
2022-11-25,19.0,16.0,24.0,3.3,,,14.0,,1020.4,259.0
2022-11-26,19.2,15.0,24.0,0.8,,,15.6,,1020.5,310.0
2022-11-27,19.5,16.0,24.0,1.1,,,14.7,,1018.6,354.0
2022-11-28,18.9,16.0,24.0,4.0,,,17.4,,1017.6,212.0
2022-11-29,19.4,17.0,24.0,3.2,,,17.7,,1017.2,221.0
2022-11-30,18.6,15.0,24.0,5.9,,,13.3,,1019.9,228.0
2022-12-01,19.1,16.0,25.0,2.5,,,19.1,,1019.2,247.0
2022-12-02,19.9,15.0,25.0,1.3,,,14.6,,1019.4,398.0
2022-12-03,19.8,16.0,25.0,4.7,,,20.3,,1018.2,323.0
2022-12-04,19.1,17.0,23.0,2.1,,,21.9,,1018.8,234.0
2022-12-05,19.7,16.0,25.0,0.0,,,16.9,,1020.7,327.0
2022-12-06,20.2,17.0,25.0,0.6,,,12.9,,1020.5,429.0
2022-12-07,20.4,17.0,25.0,0.5,,,12.9,,1019.5,333.0
2022-12-08,20.3,17.0,24.0,1.2,,,13.3,,1020.7,251.0
2022-12-09,19.9,16.0,26.0,7.8,,,12.4,,1021.0,210.0
2022-12-10,18.9,17.0,24.0,9.4,,,8.1,,1021.0,238.0
2022-12-11,20.1,17.0,25.0,12.6,,,13.5,,1020.6,220.0
2022-12-12,19.0,17.0,23.0,2.5,,,12.8,,1019.0,262.0
2022-12-13,18.5,16.0,24.0,3.0,,,13.2,,1019.9,296.0
2022-12-14,19.4,16.0,24.0,0.3,,,13.6,,1020.4,420.0
2022-12-15,20.1,16.0,25.0,0.0,,,11.7,,1019.6,471.0
2022-12-16,20.6,14.0,26.0,0.7,,,11.1,,1019.1,383.0
2022-12-17,20.5,17.0,26.0,1.1,,,10.5,,1018.2,418.0
2022-12-18,20.4,15.0,26.0,0.6,,,12.2,,1020.0,370.0
2022-12-19,20.8,17.0,27.0,0.3,,,13.9,,1018.7,368.0
2022-12-20,20.9,16.0,27.0,0.9,,,12.9,,1018.1,391.0
2022-12-21,20.5,15.0,26.0,0.2,,,9.9,,1018.6,354.0
2022-12-22,20.6,16.0,26.0,0.1,,,13.1,,1019.6,306.0
2022-12-23,20.5,17.0,26.0,0.6,,,13.8,,1019.8,267.0
2022-12-24,21.4,17.0,27.0,0.4,,,14.0,,1020.3,337.0
2022-12-25,21.1,16.0,27.0,0.4,,,13.8,,1021.4,359.0
2022-12-26,21.0,16.0,27.0,0.0,,,14.9,,1020.8,368.0
2022-12-27,18.6,17.0,20.0,8.5,,,10.3,,1022.1,191.0
2022-12-28,20.2,17.0,25.0,0.1,,,14.4,,1021.6,258.0
2022-12-29,19.7,17.0,24.0,1.1,,,19.6,,1021.5,273.0
2022-12-30,19.0,14.0,25.0,1.3,,,14.9,,1022.2,417.0
2022-12-31,18.6,2.0,24.0,0.0,,,12.4,,1022.3,495.0
2023-01-01,20.2,15.0,26.0,0.0,,,14.5,,1022.2,516.0
2023-01-02,18.6,15.0,23.0,0.7,,,16.2,,1021.8,392.0
2023-01-03,18.5,16.0,22.0,4.9,,,21.2,,1022.2,238.0
2023-01-04,17.9,16.0,21.0,2.0,,,16.7,,1022.4,215.0
2023-01-05,18.6,15.0,24.0,1.1,,,14.9,,1022.0,299.0
2023-01-06,20.2,12.0,26.0,0.0,,,12.0,,1021.4,515.0
2023-01-07,20.4,14.0,26.0,0.0,,,14.6,,1020.6,503.0
2023-01-08,21.0,16.0,27.0,0.8,,,13.8,,1020.7,509.0
2023-01-09,20.5,16.0,26.0,1.0,,,13.2,,1021.4,380.0
2023-01-10,20.6,16.0,25.0,1.5,,,13.9,,1022.1,307.0
2023-01-11,20.6,13.7,26.0,0.0,,,20.7,,1020.0,376.0
2023-01-12,21.2,16.0,27.0,0.0,,,14.8,,1019.9,459.0
2023-01-13,20.8,14.0,27.0,0.0,,,12.7,,1020.4,523.0
2023-01-14,20.8,16.0,26.0,0.0,,,13.0,,1020.7,500.0
2023-01-15,20.4,14.0,26.0,0.0,,,13.3,,1020.0,621.0
2023-01-16,20.6,14.0,27.0,0.0,,,15.2,,1020.1,626.0
2023-01-17,20.2,14.0,26.0,0.0,,,13.6,,1020.1,551.0
2023-01-18,22.0,13.0,29.0,0.0,,,12.6,,1020.6,604.0
2023-01-19,22.2,15.0,28.0,0.0,,,10.5,,1019.7,638.0
2023-01-20,22.0,16.0,28.0,0.0,,,12.6,,1018.4,600.0
2023-01-21,21.5,15.0,27.0,0.0,,,16.9,,1019.1,629.0
2023-01-22,20.0,14.0,25.0,0.0,,,11.9,,1019.5,479.0
2023-01-23,20.8,17.0,26.0,0.2,,,11.7,,1018.6,350.0
2023-01-24,20.3,14.9,26.0,0.0,,,12.3,,1018.8,396.0
2023-01-25,21.7,16.0,28.0,0.0,,,12.2,,1018.4,541.0
2023-01-26,21.7,15.0,29.0,0.0,,,12.6,,1018.0,623.0
2023-01-27,21.5,15.0,26.0,0.0,,,15.4,,1016.8,577.0
2023-01-28,21.0,13.0,27.0,0.0,,,15.4,,1013.9,649.0
2023-01-29,21.1,15.0,28.0,0.0,,,13.3,,1018.3,660.0
2023-01-30,21.2,13.0,28.0,0.0,,,11.4,,1018.2,652.0
2023-01-31,21.7,16.0,28.0,0.0,,,13.9,,1015.8,628.0
2023-02-01,22.6,16.0,30.0,0.0,,,9.2,,1016.7,592.0
2023-02-02,23.4,17.3,30.0,0.0,,,16.6,,1018.1,557.0
2023-02-03,22.7,14.0,29.0,0.0,,,12.4,,1017.0,642.0
2023-02-04,22.8,14.0,30.0,0.0,,,15.5,,1018.2,667.0
2023-02-05,23.2,17.0,30.0,0.0,,,11.9,,1018.9,668.0
2023-02-06,22.7,15.0,30.0,0.0,,,11.4,,1018.9,666.0
2023-02-07,22.2,15.0,29.0,0.0,,,14.7,,1019.7,565.0
2023-02-08,22.1,16.0,28.0,0.0,,,15.0,,1020.9,556.0
2023-02-09,21.9,16.0,28.0,0.0,,,14.9,,1020.2,543.0
2023-02-10,22.6,15.0,29.0,0.0,,,13.4,,1019.9,630.0
2023-02-11,22.1,16.0,28.0,0.0,,,16.7,,1022.0,621.0
2023-02-12,21.6,15.0,28.0,0.0,,,16.4,,1020.3,628.0
2023-02-13,21.5,13.0,28.0,0.0,,,15.3,,1020.6,672.0
2023-02-14,21.9,16.0,28.0,0.0,,,15.6,,1020.1,654.0
2023-02-15,22.6,17.0,29.0,0.0,,,14.0,,1017.8,638.0
2023-02-16,22.8,18.0,29.0,0.0,,,14.0,,1018.2,518.0
2023-02-17,21.7,16.0,28.0,0.0,,,17.1,,1019.4,496.0
2023-02-18,20.8,16.0,26.0,0.0,,,15.0,,1019.9,541.0
2023-02-19,21.7,17.0,28.0,0.2,,,16.0,,1020.3,418.0
2023-02-20,22.0,16.0,28.0,0.0,,,15.0,,1020.0,523.0
2023-02-21,22.1,17.0,28.0,0.0,,,14.4,,1021.1,565.0
2023-02-22,22.4,16.8,28.0,0.0,,,15.5,,1019.7,600.0
2023-02-23,22.4,16.0,29.0,0.0,,,14.6,,1019.7,632.0
2023-02-24,22.7,17.0,29.0,0.0,,,13.0,,1020.2,603.0
2023-02-25,22.9,19.0,28.0,0.0,,,17.4,,1020.2,520.0
2023-02-26,22.7,18.0,28.0,0.0,,,21.0,,1020.6,496.0
2023-02-27,21.8,18.0,27.0,0.0,,,17.7,,1021.9,424.0
2023-02-28,21.5,18.0,27.0,0.0,,,15.1,,1022.8,394.0
2023-03-01,22.5,16.0,28.0,0.0,,,12.2,,1021.8,508.0
2023-03-02,22.7,17.0,29.0,0.0,,,15.2,,1021.7,446.0
2023-03-03,23.0,16.8,28.0,0.3,,,18.6,,1022.4,420.0
2023-03-04,23.0,19.0,28.0,0.0,,,18.5,,1023.1,491.0
2023-03-05,22.0,17.0,28.0,0.0,,,17.8,,1023.2,500.0
2023-03-06,22.5,18.0,28.0,0.0,,,19.2,,1022.2,564.0
2023-03-07,22.2,15.2,29.0,0.0,,,20.3,,1019.2,629.0
2023-03-08,22.9,18.0,29.0,0.0,,,15.8,,1018.9,595.0
2023-03-09,23.5,18.0,30.0,0.0,,,15.2,,1020.0,582.0
2023-03-10,23.4,19.0,29.0,0.0,,,16.4,,1019.1,543.0
2023-03-11,22.8,19.0,28.0,0.0,,,22.6,,1019.0,426.0
2023-03-12,22.4,18.0,28.0,0.0,,,19.2,,1019.0,388.0
2023-03-13,22.6,17.0,29.0,0.3,,,17.6,,1020.1,442.0
2023-03-14,22.1,18.0,28.0,1.4,,,18.1,,1018.9,351.0
2023-03-15,22.2,18.0,28.0,1.0,,,15.9,,1017.6,274.0
2023-03-16,19.0,16.0,23.0,2.4,,,7.7,,1015.8,208.0
2023-03-17,20.8,17.0,26.0,2.4,,,19.3,,1017.1,255.0
2023-03-18,21.5,15.0,27.0,0.0,,,12.1,,1021.5,381.0
2023-03-19,22.1,14.7,27.0,0.5,,,15.5,,1020.3,341.0
2023-03-20,21.6,16.0,28.0,4.5,,,12.3,,1019.6,282.0
2023-03-21,20.1,16.4,26.0,10.0,,,9.4,,1019.8,214.0
2023-03-22,21.0,17.0,26.0,11.4,,,9.3,,1020.1,229.0
2023-03-23,19.8,16.0,28.0,7.5,,,11.6,,1020.6,250.0
2023-03-24,19.9,16.0,26.0,0.6,,,6.7,,1019.2,225.0
2023-03-25,19.5,15.0,24.0,7.8,,,8.3,,1020.5,154.0
2023-03-26,19.2,16.0,23.0,11.0,,,8.6,,1021.5,161.0
2023-03-27,20.9,16.0,26.0,1.1,,,9.7,,1020.9,266.0
2023-03-28,21.8,16.2,27.0,2.1,,,12.8,,1019.2,296.0
2023-03-29,21.8,18.0,27.0,1.8,,,15.4,,1022.4,300.0
2023-03-30,21.5,18.0,26.0,1.1,,,19.7,,1021.8,316.0
2023-03-31,20.8,18.0,26.0,3.5,,,13.6,,1020.4,251.0
2023-04-01,21.7,17.0,28.0,2.7,,,7.1,,1020.4,295.0
2023-04-02,21.5,16.0,27.0,0.6,,,8.9,,1020.8,352.0
2023-04-03,20.5,17.0,25.0,3.9,,,15.1,,1018.8,291.0
2023-04-04,19.8,16.0,25.0,7.9,,,10.1,,1020.7,247.0
2023-04-05,20.5,16.0,25.0,2.8,,,19.6,,1021.3,227.0
2023-04-06,19.8,17.0,24.0,3.5,,,13.8,,1021.5,264.0
2023-04-07,21.0,17.0,26.0,0.9,,,12.4,,1021.6,278.0
2023-04-08,18.2,16.0,22.0,5.2,,,13.1,,1022.3,251.0
2023-04-09,19.1,16.0,24.0,3.4,,,13.3,,1022.4,248.0
2023-04-10,20.6,17.0,26.0,2.2,,,15.0,,1021.1,277.0
2023-04-11,19.8,17.0,25.0,4.1,,,16.1,,1021.4,276.0
2023-04-12,19.6,16.0,24.0,1.5,,,11.9,,1021.7,272.0
2023-04-13,19.5,16.0,24.0,2.8,,,11.8,,1022.5,241.0
2023-04-14,18.0,17.0,20.0,6.5,,,8.8,,1022.8,228.0
2023-04-15,19.3,17.0,24.0,2.6,,,13.5,,1021.4,246.0
2023-04-16,19.2,16.0,24.0,3.9,,,12.7,,1021.2,266.0
2023-04-17,19.6,16.0,24.0,5.4,,,13.7,,1020.4,255.0
2023-04-18,20.4,17.0,26.0,9.2,,,15.4,,1021.9,247.0
2023-04-19,20.0,16.0,26.0,2.0,,,9.4,,1021.6,313.0
2023-04-20,20.5,16.0,26.0,0.4,,,8.0,,1019.4,314.0
2023-04-21,21.3,17.0,27.0,0.8,,,6.9,,1017.8,310.0
2023-04-22,19.4,17.0,23.0,20.5,,,8.4,,1018.0,201.0
2023-04-23,20.0,16.0,26.0,4.1,,,10.7,,1020.1,193.0
2023-04-24,21.0,17.0,26.0,2.2,,,10.0,,1020.8,297.0
2023-04-25,19.2,17.0,24.0,18.8,,,3.2,,1020.8,200.0
2023-04-26,19.3,17.0,25.0,16.7,,,3.8,,1021.0,133.0
2023-04-27,19.9,15.3,24.0,7.2,,,8.2,,1020.3,249.0
2023-04-28,18.2,16.0,22.0,16.6,,,3.7,,1021.8,189.0
2023-04-29,18.5,15.0,22.0,4.2,,,4.7,,1021.4,133.0
2023-04-30,18.7,17.0,24.0,22.6,,,4.0,,1021.1,105.0
2023-05-01,18.7,17.0,22.0,16.9,,,5.6,,1022.4,128.0
2023-05-02,18.8,16.0,24.0,3.8,,,6.5,,1021.1,193.0
2023-05-03,18.1,16.2,22.0,13.2,,,10.6,,1020.6,260.0
2023-05-04,19.4,14.9,25.0,2.4,,,9.3,,1022.0,313.0
2023-05-05,19.9,15.0,25.0,1.8,,,7.4,,1023.8,339.0
2023-05-06,19.8,16.6,25.0,1.7,,,11.1,,1022.7,339.0
2023-05-07,20.2,16.6,25.0,1.8,,,12.9,,1022.7,333.0
2023-05-08,20.1,17.0,25.0,1.2,,,10.9,,1022.1,326.0
2023-05-09,18.8,16.0,23.0,2.4,,,7.8,,1023.1,302.0
2023-05-10,19.2,16.7,23.0,4.1,,,7.0,,1022.9,264.0
2023-05-11,19.0,16.0,23.2,3.7,,,7.3,,1023.8,249.0
2023-05-12,19.9,16.0,24.5,0.0,,,8.7,,1023.9,308.0
2023-05-13,20.6,17.0,26.0,0.9,,,9.1,,1024.3,334.0
2023-05-14,19.9,16.0,25.0,1.4,,,6.8,,1024.2,324.0
2023-05-15,20.1,16.0,25.0,0.4,,,6.6,,1023.7,332.0
2023-05-16,20.0,16.0,24.5,2.9,,,5.0,,1024.1,295.0
2023-05-17,19.8,17.0,24.0,3.6,,,2.8,,1023.9,282.0
2023-05-18,19.9,16.0,25.0,0.3,,,8.1,,1024.5,288.0
2023-05-19,20.5,16.7,25.0,0.4,,,8.3,,1024.0,325.0
2023-05-20,21.4,14.0,28.2,0.0,,,5.5,,1023.2,425.0
2023-05-21,21.1,15.7,27.1,0.0,,,6.9,,1022.3,439.0
2023-05-22,21.3,16.7,27.0,0.5,,,8.0,,1022.5,361.0
2023-05-23,20.1,17.0,26.0,1.3,,,9.9,,1022.6,305.0
2023-05-24,20.0,16.7,25.0,1.7,,,10.6,,1023.4,271.0
2023-05-25,20.5,17.0,25.0,0.0,,,12.1,,1024.1,316.0
2023-05-26,19.5,16.0,24.5,0.2,,,13.6,,1023.4,273.0
2023-05-27,18.0,15.0,22.0,2.7,,,11.3,,1023.4,261.0
2023-05-28,18.6,15.0,24.0,3.9,,,13.6,,1023.4,232.0
2023-05-29,17.0,15.0,20.0,11.9,,,15.9,,1024.9,211.0
2023-05-30,18.3,15.0,22.1,5.0,,,8.0,,1024.8,211.0
2023-05-31,19.1,15.3,24.3,0.8,,,10.2,,1024.6,206.0
2023-06-01,19.9,15.6,26.0,2.9,,,8.3,,1023.3,247.0
2023-06-02,20.0,15.7,25.0,3.4,,,8.4,,1024.1,233.0
2023-06-03,19.3,16.0,24.0,4.6,,,11.2,,1024.4,235.0
2023-06-04,19.0,15.3,24.0,3.0,,,7.8,,1024.4,230.0
2023-06-05,20.3,16.0,26.5,0.4,,,7.9,,1024.2,296.0
2023-06-06,19.9,17.0,25.0,1.7,,,9.6,,1025.1,267.0
2023-06-07,20.2,15.9,27.0,0.0,,,6.3,,1024.7,374.0
2023-06-08,20.5,12.7,28.0,0.0,,,9.6,,1024.6,503.0
2023-06-09,20.0,16.6,25.0,0.3,,,12.5,,1023.8,300.0
2023-06-10,20.0,15.0,26.0,0.0,,,8.7,,1023.2,327.0
2023-06-11,20.1,16.0,26.0,0.0,,,7.7,,1023.9,358.0
2023-06-12,20.4,15.7,25.4,0.0,,,7.5,,1023.4,321.0
2023-06-13,19.2,15.0,25.0,0.0,,,5.4,,1022.9,239.0
2023-06-14,19.8,17.0,25.0,0.3,,,6.0,,1023.6,242.0
2023-06-15,18.0,15.0,21.0,5.0,,,4.2,,1024.7,219.0
2023-06-16,19.4,16.0,25.0,0.0,,,4.7,,1023.7,273.0
2023-06-17,17.6,15.0,20.0,0.3,,,6.8,,1024.0,195.0
2023-06-18,18.5,14.0,23.2,0.7,,,6.2,,1023.8,248.0
2023-06-19,19.0,15.0,24.4,0.0,,,7.5,,1024.0,293.0
2023-06-20,19.8,16.0,25.7,0.0,,,6.5,,1023.2,354.0
2023-06-21,18.7,16.0,23.3,1.1,,,5.7,,1022.1,222.0
2023-06-22,18.2,15.0,23.0,0.1,,,4.2,,1023.2,134.0
2023-06-23,17.5,16.0,20.2,0.3,,,4.6,,1024.0,165.0
2023-06-24,18.3,14.0,24.0,1.1,,,4.7,,1023.8,192.0
2023-06-25,19.2,13.7,25.3,0.0,,,4.7,,1022.7,248.0
2023-06-26,18.3,14.0,24.4,0.4,,,7.6,,1023.0,255.0
2023-06-27,18.0,14.7,22.0,0.4,,,5.7,,1023.3,204.0
2023-06-28,19.2,13.0,24.7,0.3,,,7.4,,1024.6,232.0
2023-06-29,18.4,15.0,23.2,0.0,,,7.8,,1025.0,220.0
2023-06-30,18.3,16.0,22.0,0.8,,,8.9,,1025.5,160.0
2023-07-01,17.7,15.0,21.0,0.8,,,6.3,,1026.0,139.0
2023-07-02,17.3,14.7,20.0,0.8,,,4.5,,1026.7,150.0
2023-07-03,17.9,14.7,21.0,0.5,,,7.8,,1027.0,131.0
2023-07-04,16.8,14.7,20.0,1.3,,,11.6,,1026.0,125.0
2023-07-05,16.8,13.2,20.0,0.0,,,3.2,,1024.1,186.0
2023-07-06,17.5,13.7,21.3,0.0,,,9.0,,1022.1,171.0
2023-07-07,16.2,14.0,18.1,0.0,,,8.5,,1026.1,93.0
2023-07-08,16.7,13.0,21.2,0.1,,,7.6,,1025.8,151.0
2023-07-09,18.2,12.5,25.0,0.1,,,5.7,,1025.4,286.0
2023-07-10,19.7,12.0,28.0,0.0,,,10.2,,1023.8,441.0
2023-07-11,21.0,12.0,28.0,0.0,,,7.4,,1024.1,450.0
2023-07-12,18.2,16.0,22.2,0.0,,,8.0,,1025.1,301.0
2023-07-13,17.9,14.0,22.0,0.1,,,8.2,,1025.1,200.0
2023-07-14,19.3,13.0,24.0,0.1,,,7.3,,1025.0,241.0
2023-07-15,19.2,15.0,24.0,0.0,,,7.6,,1025.3,255.0
2023-07-16,17.5,13.0,23.4,0.0,,,5.4,,1026.0,304.0
2023-07-17,17.2,14.0,20.0,0.0,,,4.4,,1026.7,242.0
2023-07-18,17.4,14.0,22.0,0.0,,,4.7,,1026.0,220.0
2023-07-19,18.2,14.0,23.0,0.0,,,4.3,,1025.0,227.0
2023-07-20,19.6,12.0,27.0,0.0,,,3.2,,1024.7,306.0
2023-07-21,20.0,13.0,26.0,0.0,,,10.5,,1025.6,395.0
2023-07-22,18.8,15.0,22.5,0.0,,,4.6,,1026.9,279.0
2023-07-23,18.2,14.0,22.0,0.0,,,6.5,,1027.0,218.0
2023-07-24,17.9,14.0,22.3,0.0,,,6.2,,1025.8,211.0
2023-07-25,18.6,16.0,23.0,0.4,,,7.5,,1024.2,171.0
2023-07-26,18.2,15.6,23.0,0.0,,,6.7,,1024.5,157.0
2023-07-27,18.7,13.7,24.0,0.0,,,5.8,,1025.4,212.0
2023-07-28,17.9,15.0,21.0,0.3,,,9.3,,1025.8,134.0
2023-07-29,18.0,15.0,21.6,0.0,,,5.9,,1025.4,228.0
2023-07-30,19.0,13.3,26.0,0.3,,,9.4,,1024.2,235.0
2023-07-31,20.3,13.2,28.0,0.0,,,10.8,,1024.1,317.0
2023-08-01,18.2,14.0,23.2,0.5,,,9.7,,1024.7,205.0
2023-08-02,17.3,14.0,21.2,1.8,,,16.9,,1026.0,71.0
2023-08-03,16.9,13.5,19.3,1.5,,,9.0,,1027.2,98.0
2023-08-04,16.7,15.0,20.0,0.8,,,7.0,,1027.3,132.0
2023-08-05,17.4,14.0,22.0,0.0,,,7.7,,1028.2,161.0
2023-08-06,17.2,14.0,21.0,1.1,,,11.1,,1028.6,156.0
2023-08-07,18.2,14.0,24.0,0.1,,,14.4,,1026.1,194.0
2023-08-08,19.1,13.5,25.0,0.2,,,6.3,,1025.0,233.0
2023-08-09,17.5,14.7,21.5,0.0,,,5.1,,1025.1,149.0
2023-08-10,18.1,14.0,24.0,0.4,,,4.9,,1025.3,112.0
2023-08-11,18.7,15.0,24.0,0.0,,,6.8,,1024.4,164.0
2023-08-12,18.2,14.0,23.0,0.6,,,7.0,,1023.5,169.0
2023-08-13,18.7,14.6,25.0,0.0,,,11.8,,1022.8,265.0
2023-08-14,19.6,15.0,26.0,0.0,,,16.6,,1024.5,298.0
2023-08-15,20.5,15.0,26.5,0.2,,,9.2,,1024.3,306.0
2023-08-16,20.1,15.0,25.0,0.4,,,10.8,,1024.2,321.0
2023-08-17,19.3,15.8,24.0,0.9,,,9.8,,1024.1,261.0
2023-08-18,19.1,15.0,26.0,0.0,,,14.3,,1022.2,231.0
2023-08-19,19.8,14.0,27.0,0.0,,,10.4,,1022.7,404.0
2023-08-20,20.1,12.1,27.5,0.0,,,7.6,,1023.0,530.0
2023-08-21,19.6,12.8,26.1,0.0,,,8.6,,1022.1,523.0
2023-08-22,21.0,16.7,27.0,0.5,,,10.8,,1022.0,378.0
2023-08-23,20.4,15.0,27.0,0.0,,,11.3,,1020.8,414.0
2023-08-24,19.9,15.7,25.5,0.1,,,14.1,,1022.9,414.0
2023-08-25,19.7,12.5,27.0,0.0,,,10.2,,1021.8,514.0
2023-08-26,20.8,15.7,27.0,0.9,,,8.4,,1022.6,468.0
2023-08-27,21.0,14.8,28.0,0.0,,,11.7,,1023.1,463.0
2023-08-28,19.0,15.9,23.2,0.0,,,10.2,,1025.9,325.0
2023-08-29,18.6,14.0,23.1,0.3,,,12.8,,1025.0,281.0
2023-08-30,18.7,15.6,23.2,0.1,,,10.1,,1024.6,185.0
2023-08-31,18.6,15.0,23.0,2.2,,,7.4,,1024.9,181.0
2023-09-01,19.4,15.0,26.0,1.2,,,5.2,,1023.9,223.0
2023-09-02,20.2,16.7,26.0,1.7,,,10.8,,1024.0,256.0
2023-09-03,20.9,15.5,27.0,0.0,,,6.7,,1023.4,343.0
2023-09-04,20.0,15.7,26.0,0.0,,,7.6,,1022.5,367.0
2023-09-05,21.1,15.0,28.0,0.2,,,9.4,,1022.6,350.0
2023-09-06,20.9,14.6,29.0,1.9,,,6.9,,1021.9,314.0
2023-09-07,19.2,15.8,28.0,1.8,,,6.4,,1023.0,317.0
2023-09-08,18.1,15.1,23.2,3.9,,,6.7,,1023.4,233.0
2023-09-09,17.3,15.0,20.0,2.3,,,2.9,,1023.6,230.0
2023-09-10,19.9,15.0,25.5,0.1,,,8.5,,1022.8,331.0
2023-09-11,20.6,16.6,26.0,0.3,,,9.1,,1022.8,291.0
2023-09-12,19.8,15.1,27.5,0.4,,,8.5,,1023.2,298.0
2023-09-13,19.5,16.0,25.0,3.8,,,8.6,,1023.5,329.0
2023-09-14,20.0,15.0,25.4,2.2,,,10.9,,1022.8,428.0
2023-09-15,19.0,15.9,23.0,0.5,,,5.1,,1023.2,
2023-09-16,20.3,15.0,27.0,0.1,,,6.9,,1022.7,
2023-09-17,21.4,16.0,29.0,0.0,,,6.7,,1021.0,
2023-09-18,20.6,16.7,26.0,0.4,,,8.9,,1021.0,
2023-09-19,21.0,15.0,27.0,0.6,,,10.9,,1021.9,
2023-09-20,20.7,16.0,28.2,1.1,,,8.6,,1022.3,
2023-09-21,21.1,16.0,29.0,0.1,,,9.1,,1022.2,
2023-09-22,21.1,15.8,27.0,4.3,,,11.7,,1022.2,
2023-09-23,20.8,16.0,26.5,0.0,,,6.4,,1022.2,
2023-09-24,19.7,16.0,25.0,0.0,,,7.4,,1023.5,
2023-09-25,19.8,14.7,27.0,0.0,,,7.6,,1022.5,
2023-09-26,20.2,16.0,28.1,0.9,,,4.5,,1021.9,
2023-09-27,20.5,14.4,27.2,1.1,,,10.9,,1021.7,
2023-09-28,19.8,15.5,24.0,0.4,,,13.6,,1023.6,
2023-09-29,20.8,15.0,28.0,1.9,,,10.3,,1023.1,
2023-09-30,20.7,15.8,27.4,2.8,,,10.5,,1023.1,
2023-10-01,21.3,15.9,29.0,0.0,,,10.8,,1021.9,
2023-10-02,20.5,12.9,28.0,0.2,,,10.5,,1023.0,
2023-10-03,20.1,13.8,28.3,0.0,,,13.4,,1023.0,
2023-10-04,18.8,15.7,23.7,3.5,,,16.2,,1023.4,
2023-10-05,18.6,15.0,23.0,3.8,,,10.0,,1024.4,
2023-10-06,20.7,15.0,27.0,1.6,,,11.2,,1023.1,
2023-10-07,20.9,16.0,27.5,1.1,,,11.6,,1021.1,
2023-10-08,22.1,15.0,29.1,0.0,,,11.0,,1021.3,
2023-10-09,22.2,14.8,29.0,0.0,,,15.5,,1022.7,
2023-10-10,22.0,16.9,28.0,0.4,,,21.3,,1021.0,
2023-10-11,21.3,16.1,27.0,1.3,,,16.2,,1022.2,
2023-10-12,22.1,14.3,28.5,1.1,,,17.4,,1020.1,
2023-10-13,22.8,15.0,29.3,0.2,,,16.1,,1020.5,
2023-10-14,22.7,16.7,29.0,0.0,,,18.8,,1020.6,
2023-10-15,22.5,16.1,28.2,0.4,,,19.8,,1020.1,
2023-10-16,20.6,17.1,25.7,1.8,,,18.1,,1021.2,
2023-10-17,21.2,17.0,27.0,4.5,,,13.2,,1019.6,
2023-10-18,20.9,15.9,26.0,5.2,,,15.7,,1020.1,
2023-10-19,20.4,17.0,25.0,9.4,,,19.3,,1022.2,
2023-10-20,20.4,15.7,25.3,0.7,,,17.8,,1022.2,
2023-10-21,20.9,15.9,26.0,2.4,,,12.2,,1022.2,
2023-10-22,22.2,17.7,27.0,0.0,,,13.0,,1022.4,
2023-10-23,21.5,16.4,27.0,0.1,,,14.1,,1021.5,
2023-10-24,22.3,17.8,27.0,0.2,,,14.7,,1020.4,
2023-10-25,21.7,15.8,27.1,1.7,,,18.2,,1020.2,
2023-10-26,20.6,16.0,26.0,3.7,,,20.5,,1021.9,
2023-10-27,20.7,16.0,25.4,4.1,,,16.8,,1021.1,
2023-10-28,20.8,15.8,26.0,2.7,,,11.8,,1020.3,
2023-10-29,21.1,16.1,26.0,3.9,,,15.0,,1019.9,
2023-10-30,21.3,15.8,26.5,4.4,,,17.0,,1020.1,
2023-10-31,19.4,15.6,25.0,6.9,,,14.3,,1019.8,
2023-11-01,20.2,15.9,24.0,6.1,,,15.4,,1020.0,
2023-11-02,19.3,16.0,24.1,9.7,,,14.3,,1017.5,
2023-11-03,18.1,15.9,24.0,28.7,,,6.3,,1019.8,
2023-11-04,18.7,15.0,22.0,8.1,,,9.5,,1021.6,
2023-11-05,18.8,15.8,23.2,11.8,,,11.2,,1019.6,
2023-11-06,19.4,14.5,25.0,10.8,,,11.5,,1021.1,
2023-11-07,19.9,16.0,25.0,15.8,,,12.3,,1022.7,
2023-11-08,18.7,17.0,21.0,11.0,,,6.1,,1021.0,
2023-11-09,19.6,15.0,24.1,0.7,,,11.2,,1022.1,
2023-11-10,19.6,16.0,24.0,3.0,,,13.0,,1022.4,
2023-11-11,19.0,15.0,23.2,13.9,,,18.1,,1022.0,
2023-11-12,19.6,17.0,24.0,7.0,,,30.9,,1021.9,
2023-11-13,19.1,16.0,24.0,14.4,,,16.4,,1022.6,
2023-11-14,19.7,16.0,24.0,5.5,,,14.2,,1022.4,
2023-11-15,19.3,17.0,23.0,6.7,,,10.0,,1021.3,
2023-11-16,19.2,16.8,22.0,14.4,,,10.7,,1021.8,
2023-11-17,19.0,16.0,23.0,8.3,,,11.8,,1021.5,
2023-11-18,19.9,16.0,24.0,7.0,,,14.3,,1020.9,
2023-11-19,19.4,16.6,24.0,2.4,,,13.8,,1021.3,
2023-11-20,19.2,15.9,23.3,4.3,,,12.4,,1022.2,
2023-11-21,18.9,16.0,23.0,10.1,,,8.4,,1021.6,
2023-11-22,19.2,16.6,23.0,15.5,,,18.1,,1020.9,
2023-11-23,18.8,16.0,23.0,5.2,,,16.2,,1021.0,
2023-11-24,19.0,16.0,23.0,10.2,,,13.5,,1020.7,
2023-11-25,19.6,16.5,25.0,3.9,,,13.0,,1019.8,
2023-11-26,19.0,17.0,24.0,5.1,,,13.3,,1021.3,
2023-11-27,20.4,16.7,26.0,1.2,,,14.9,,1021.0,
2023-11-28,20.2,17.5,24.0,0.1,,,13.6,,1020.9,
2023-11-29,20.8,17.6,26.0,0.0,,,17.3,,1019.9,
2023-11-30,20.7,16.9,25.0,0.5,,,11.3,,1022.5,
2023-12-01,20.6,16.0,25.5,0.0,,,13.0,,1022.6,
2023-12-02,20.8,16.8,26.0,0.3,,,12.2,,1021.6,
2023-12-03,19.9,16.0,25.0,1.6,,,12.0,,1022.0,
2023-12-04,19.8,16.0,24.4,2.9,,,15.4,,1022.4,
2023-12-05,20.7,17.0,25.8,1.3,,,12.5,,1020.5,
2023-12-06,20.6,17.5,25.0,0.1,,,12.5,,1023.2,
2023-12-07,21.3,16.7,26.4,0.0,,,7.9,,1021.6,
2023-12-08,21.1,17.0,26.5,0.0,,,11.1,,1021.4,
2023-12-09,20.2,16.6,25.0,1.1,,,13.7,,1020.9,
2023-12-10,19.8,16.1,24.2,2.6,,,15.8,,1021.7,
2023-12-11,20.1,16.0,25.2,2.5,,,13.4,,1022.3,
2023-12-12,20.8,17.0,26.0,1.2,,,16.2,,1021.2,
2023-12-13,21.4,18.0,26.9,4.8,,,12.2,,1021.3,
2023-12-14,20.2,17.7,25.0,1.7,,,13.1,,1020.8,
2023-12-15,19.8,17.5,25.0,2.2,,,16.1,,1021.5,
2023-12-16,19.1,17.0,23.2,5.0,,,20.1,,1022.1,
2023-12-17,19.8,16.0,24.6,0.5,,,16.1,,1020.5,
2023-12-18,20.4,17.0,25.0,1.1,,,19.4,,1021.4,
2023-12-19,20.7,17.7,25.3,0.1,,,13.3,,1021.4,
2023-12-20,21.1,16.9,26.0,1.0,,,7.8,,1022.3,
2023-12-21,20.8,16.0,26.0,0.3,,,14.7,,1023.1,
2023-12-22,20.7,16.0,26.0,0.5,,,15.2,,1023.8,
2023-12-23,19.9,16.0,24.0,1.4,,,14.2,,1024.0,
2023-12-24,21.5,18.0,26.0,0.8,,,13.0,,1023.1,
2023-12-25,21.2,18.0,26.0,0.8,,,11.4,,1022.1,
2023-12-26,20.1,16.7,24.0,3.8,,,17.0,,1020.5,
2023-12-27,20.2,16.0,25.0,0.1,,,19.0,,1022.7,
2023-12-28,20.8,14.0,26.5,0.0,,,11.5,,1023.1,
2023-12-29,22.0,18.7,26.2,0.5,,,17.1,,1022.1,
2023-12-30,21.6,19.0,26.0,2.3,,,20.8,,1022.2,
2023-12-31,22.3,18.7,27.0,1.4,,,14.8,,1021.7,
2024-01-01,22.1,18.7,27.1,2.1,,,13.1,,1022.7,
2024-01-02,21.5,16.3,26.0,1.1,,,15.6,,1022.1,
2024-01-03,21.4,16.3,26.0,1.4,,,14.4,,1020.0,
2024-01-04,21.9,18.0,27.0,1.0,,,12.3,,1022.3,
2024-01-05,19.5,15.7,25.0,1.5,,,4.6,,1020.7,
2024-01-06,19.7,16.6,24.0,1.8,,,4.4,,1022.0,
2024-01-07,20.0,17.0,24.0,4.3,,,7.1,,1022.4,
2024-01-08,20.5,17.0,25.0,0.2,,,11.9,,1021.6,
2024-01-09,20.9,15.1,25.0,0.1,,,16.2,,1021.4,
2024-01-10,20.0,16.1,25.0,4.8,,,9.9,,1020.4,
2024-01-11,20.0,17.0,26.0,4.4,,,4.1,,1019.8,
2024-01-12,19.8,17.0,25.0,5.3,,,1.5,,1020.2,
2024-01-13,18.7,16.0,22.0,13.1,,,1.9,,1021.4,
2024-01-14,20.5,18.0,26.0,10.9,,,4.1,,1021.5,
2024-01-15,21.3,17.7,26.0,0.6,,,10.2,,1022.1,
2024-01-16,21.5,17.7,26.0,0.9,,,8.2,,1022.8,
2024-01-17,21.0,15.0,25.2,0.8,,,6.8,,1021.0,
2024-01-18,20.2,17.8,23.2,3.9,,,12.5,,1023.0,
2024-01-19,21.1,14.1,28.1,8.9,,,8.1,,1020.8,
2024-01-20,19.6,17.5,25.2,13.0,,,8.5,,1021.3,
2024-01-21,20.7,18.0,25.0,3.9,,,6.8,,1021.7,
2024-01-22,20.9,17.0,25.2,0.4,,,11.7,,1023.5,
2024-01-23,20.7,14.8,26.0,0.0,,,8.7,,1024.2,
2024-01-24,21.5,15.0,27.2,0.0,,,11.1,,1023.3,
2024-01-25,21.9,16.0,27.0,0.0,,,10.0,,1023.3,
2024-01-26,22.0,18.7,27.0,0.4,,,12.9,,1022.9,
2024-01-27,22.0,17.5,27.0,1.9,,,17.0,,1023.0,
2024-01-28,22.1,18.0,27.0,1.5,,,15.4,,1023.2,
2024-01-29,22.1,18.0,26.9,0.0,,,14.6,,1022.9,
2024-01-30,22.3,18.0,27.0,0.2,,,9.2,,1023.3,
2024-01-31,21.7,18.0,26.4,0.2,,,11.7,,1023.4,
2024-02-01,22.0,17.6,27.0,0.1,,,10.2,,1024.1,
2024-02-02,21.6,15.7,28.0,0.0,,,6.9,,1023.4,
2024-02-03,22.8,17.8,28.0,0.4,,,14.1,,1020.9,
2024-02-04,22.5,18.0,28.0,0.9,,,12.4,,1022.4,
2024-02-05,22.5,16.5,28.0,0.2,,,16.6,,1022.1,
2024-02-06,22.8,18.7,29.0,0.1,,,12.2,,1024.1,
2024-02-07,22.2,16.7,27.0,0.1,,,9.9,,1022.9,
2024-02-08,21.9,18.0,26.6,1.1,,,10.6,,1024.0,
2024-02-09,22.9,18.0,28.0,0.0,,,13.7,,1022.4,
2024-02-10,22.6,18.9,28.1,1.4,,,15.8,,1023.2,
2024-02-11,21.6,17.0,27.5,0.0,,,11.8,,1019.1,
2024-02-12,22.1,15.6,28.0,0.0,,,14.1,,1021.0,
2024-02-13,22.9,18.0,28.0,0.0,,,11.7,,1021.9,
2024-02-14,22.8,17.0,29.1,0.0,,,14.3,,1022.1,
2024-02-15,22.9,18.0,29.0,0.0,,,11.2,,1020.2,
2024-02-16,22.9,19.0,28.1,0.2,,,13.8,,1023.0,
2024-02-17,22.8,17.7,29.0,0.0,,,13.3,,1022.2,
2024-02-18,23.8,16.0,31.0,0.0,,,12.1,,1021.5,
2024-02-19,24.3,18.0,30.1,0.1,,,9.0,,1019.5,
2024-02-20,24.0,19.7,30.0,0.4,,,14.8,,1021.1,
2024-02-21,23.6,19.0,29.0,0.5,,,19.4,,1020.4,
2024-02-22,22.0,18.0,27.0,0.0,,,15.6,,1021.2,
2024-02-23,21.5,18.0,25.1,1.2,,,23.0,,1021.5,
2024-02-24,19.0,17.0,22.0,3.3,,,7.2,,1021.3,
2024-02-25,21.1,15.7,26.5,0.0,,,5.6,,1021.1,
2024-02-26,22.2,17.7,29.0,0.6,,,6.7,,1019.1,
2024-02-27,20.8,17.7,27.5,1.9,,,8.0,,1019.9,
2024-02-28,21.0,16.7,27.0,9.4,,,8.5,,1020.8,
2024-02-29,22.0,15.8,28.0,0.1,,,9.2,,1019.7,
2024-03-01,22.3,17.0,27.0,0.2,,,6.8,,1020.6,
2024-03-02,22.9,18.8,28.0,0.0,,,11.8,,1020.6,
2024-03-03,22.8,17.0,28.3,0.0,,,6.3,,1021.5,
2024-03-04,22.9,17.2,29.0,0.0,,,6.7,,1020.4,
2024-03-05,22.0,19.0,26.0,1.6,,,13.3,,1022.9,
2024-03-06,21.6,18.0,26.2,2.6,,,11.7,,1022.1,
2024-03-07,21.6,15.2,28.0,0.0,,,9.3,,1020.1,
2024-03-08,22.8,17.0,28.6,0.0,,,13.0,,1017.7,
2024-03-09,22.1,18.0,27.0,0.2,,,11.5,,1017.6,
2024-03-10,22.6,18.5,27.0,0.3,,,13.9,,1019.2,
2024-03-11,22.2,17.7,27.0,0.0,,,15.0,,1018.1,
2024-03-12,22.2,14.6,28.1,0.0,,,11.2,,1022.2,
2024-03-13,22.1,15.5,28.2,0.1,,,11.7,,1018.6,
2024-03-14,22.1,17.0,27.0,0.2,,,14.0,,1023.2,
2024-03-15,21.8,17.7,27.0,0.0,,,17.0,,1018.5,
2024-03-16,21.7,16.7,27.0,0.0,,,12.4,,1021.0,
2024-03-17,23.2,15.0,30.0,0.0,,,9.2,,1021.8,
2024-03-18,23.3,18.0,29.0,0.1,,,16.0,,1021.0,
2024-03-19,23.2,18.0,29.0,0.7,,,18.1,,1018.5,
2024-03-20,23.0,18.6,28.3,0.5,,,16.5,,1021.2,
2024-03-21,23.2,19.0,29.0,0.2,,,11.2,,1019.0,
2024-03-22,23.9,18.7,30.0,0.0,,,11.1,,1018.3,
2024-03-23,22.3,18.0,29.1,1.2,,,6.2,,1017.3,
2024-03-24,21.4,17.7,27.0,4.4,,,8.3,,1019.6,
2024-03-25,21.7,16.7,28.0,2.2,,,9.6,,1021.5,
2024-03-26,22.3,17.4,27.0,2.0,,,14.8,,1019.8,
2024-03-27,21.2,17.2,26.0,4.5,,,16.2,,1021.7,
2024-03-28,21.5,17.1,26.0,2.0,,,17.7,,1023.4,
2024-03-29,21.9,15.4,27.0,3.7,,,17.4,,1022.0,
2024-03-30,20.3,16.7,26.0,3.7,,,16.3,,1021.5,
2024-03-31,20.2,16.6,25.0,4.1,,,19.2,,1022.3,
2024-04-01,20.6,16.6,25.0,5.9,,,17.3,,1022.7,
2024-04-02,20.6,17.3,26.0,1.3,,,9.3,,1020.7,
2024-04-03,20.7,17.0,26.0,6.0,,,5.6,,1020.9,
2024-04-04,20.6,16.9,25.0,5.4,,,6.9,,1021.0,
2024-04-05,20.7,17.7,25.3,11.7,,,10.0,,1021.4,
2024-04-06,19.0,16.0,23.0,15.6,,,4.4,,1021.4,
2024-04-07,21.4,17.0,26.2,7.5,,,8.9,,1020.6,
2024-04-08,20.8,17.0,26.0,13.5,,,4.9,,1020.0,
2024-04-09,20.6,17.0,27.1,6.9,,,6.4,,1021.3,
2024-04-10,22.2,18.0,27.2,1.4,,,7.0,,1021.0,
2024-04-11,21.9,17.0,27.0,1.2,,,7.1,,1021.4,
2024-04-12,21.1,17.0,25.0,14.3,,,7.7,,1021.2,
2024-04-13,20.6,17.0,25.0,4.9,,,8.3,,1019.8,
2024-04-14,20.9,18.0,26.8,14.9,,,5.0,,1021.7,
2024-04-15,19.7,16.0,25.0,16.7,,,8.1,,1022.9,
2024-04-16,20.5,16.0,26.0,1.5,,,4.4,,1023.7,
2024-04-17,20.9,17.8,26.5,1.3,,,8.9,,1021.8,
2024-04-18,21.2,17.0,26.0,3.8,,,8.0,,1021.8,
2024-04-19,20.5,16.7,27.0,5.5,,,7.9,,1021.3,
2024-04-20,20.4,17.0,26.0,2.2,,,10.9,,1019.8,
2024-04-21,19.6,17.0,24.0,20.7,,,6.6,,1020.8,
2024-04-22,20.1,17.0,26.0,16.1,,,7.0,,1021.0,
2024-04-23,20.5,17.6,24.5,1.5,,,5.9,,1020.5,
2024-04-24,19.5,17.0,25.0,13.9,,,4.9,,1019.3,
2024-04-25,20.3,17.5,25.0,21.5,,,9.5,,1020.4,
2024-04-26,19.0,17.0,23.0,22.6,,,5.2,,1021.6,
2024-04-27,19.9,16.0,26.0,0.7,,,4.1,,1021.2,
2024-04-28,19.3,17.2,23.0,12.0,,,3.9,,1020.8,
2024-04-29,19.7,16.5,24.8,6.3,,,3.0,,1020.3,
2024-04-30,20.9,17.2,26.0,11.7,,,3.9,,1019.8,
2024-05-01,20.4,16.6,24.0,10.2,,,9.8,,1019.2,
2024-05-02,19.8,17.7,26.0,14.3,,,4.2,,1019.0,
2024-05-03,20.9,17.7,25.4,19.7,,,8.3,,1020.2,
2024-05-04,19.5,17.5,23.0,1.4,,,3.0,,1021.5,
2024-05-05,20.5,17.0,26.3,3.8,,,6.3,,1021.0,
2024-05-06,19.2,16.8,24.0,1.4,,,3.7,,1021.5,
2024-05-07,19.5,17.0,23.0,11.5,,,4.7,,1022.3,
2024-05-08,19.2,16.8,22.0,5.5,,,5.4,,1021.5,
2024-05-09,18.9,16.0,23.0,5.4,,,4.6,,1021.5,
2024-05-10,19.4,17.0,23.9,6.5,,,6.6,,1022.5,
2024-05-11,20.6,16.0,26.0,0.4,,,5.9,,1023.1,
2024-05-12,20.6,16.0,25.1,1.0,,,7.3,,1022.8,
2024-05-13,20.5,16.0,26.0,0.0,,,8.3,,1022.3,
2024-05-14,20.4,15.6,25.2,0.0,,,3.8,,1022.1,
2024-05-15,20.8,17.0,25.6,0.4,,,4.8,,1023.2,
2024-05-16,20.4,16.0,26.7,0.2,,,5.8,,1022.8,
2024-05-17,20.4,14.9,26.2,0.2,,,3.3,,1023.0,
2024-05-18,20.8,14.1,26.4,0.2,,,4.7,,1021.5,
2024-05-19,20.8,16.1,26.7,1.6,,,5.6,,1021.2,
2024-05-20,20.9,17.5,25.5,6.7,,,9.0,,1020.9,
2024-05-21,20.5,17.0,25.1,3.1,,,5.6,,1022.8,
2024-05-22,19.8,16.0,24.5,0.8,,,7.0,,1023.6,
2024-05-23,19.1,16.0,23.0,4.8,,,4.7,,1023.5,
2024-05-24,19.8,15.8,25.0,1.0,,,2.2,,1023.0,
2024-05-25,19.2,13.5,25.1,1.7,,,1.2,,1022.9,
2024-05-26,20.1,13.5,25.1,0.3,,,5.9,,1023.5,
2024-05-27,20.6,15.5,27.0,0.0,,,7.5,,1022.6,
2024-05-28,19.3,16.0,24.4,0.0,,,9.3,,1024.5,
2024-05-29,19.5,16.0,24.0,0.0,,,6.7,,1023.5,
2024-05-30,19.9,14.7,26.0,0.0,,,6.3,,1020.6,
2024-05-31,20.1,15.5,26.0,0.0,,,7.4,,1023.5,
2024-06-01,19.7,15.5,25.0,0.0,,,5.5,,1023.8,
2024-06-02,20.1,16.0,25.4,0.0,,,6.8,,1023.7,
2024-06-03,20.4,16.0,25.0,0.6,,,3.2,,1022.2,
2024-06-04,20.3,17.0,26.0,11.7,,,4.1,,1023.0,
2024-06-05,19.6,15.5,24.1,0.0,,,6.6,,1021.9,
2024-06-06,19.3,15.9,23.6,0.0,,,2.3,,1023.6,
2024-06-07,19.1,14.7,25.0,0.6,,,7.3,,1022.9,
2024-06-08,18.8,15.4,24.5,1.4,,,5.4,,1023.6,
2024-06-09,17.3,15.0,21.8,0.1,,,2.6,,1024.1,
2024-06-10,18.7,15.0,23.7,0.0,,,4.7,,1024.8,
2024-06-11,18.2,12.7,23.1,0.2,,,7.3,,1021.9,
2024-06-12,18.3,13.0,24.0,0.0,,,4.2,,1024.8,
2024-06-13,18.9,12.6,24.1,0.0,,,5.2,,1024.6,
2024-06-14,18.9,11.6,25.0,0.2,,,7.9,,1023.1,
2024-06-15,19.2,15.0,24.0,0.7,,,7.3,,1021.9,
2024-06-16,19.2,13.0,24.0,0.0,,,8.1,,1022.2,
2024-06-17,19.2,14.0,25.0,0.0,,,5.3,,1021.9,
2024-06-18,18.4,12.5,24.0,0.0,,,5.2,,1024.2,
2024-06-19,18.7,15.0,24.0,0.6,,,3.9,,1023.8,
2024-06-20,17.6,15.0,21.0,7.3,,,4.3,,1025.1,
2024-06-21,17.5,14.0,22.0,4.1,,,8.4,,1025.7,
2024-06-22,16.9,13.5,22.0,0.0,,,5.3,,1024.9,
2024-06-23,17.0,11.0,23.0,0.0,,,4.0,,1022.7,
2024-06-24,17.0,12.9,23.0,0.0,,,4.5,,1024.3,
2024-06-25,17.0,10.0,24.0,0.0,,,6.2,,1019.6,
2024-06-26,17.2,11.0,22.0,0.0,,,5.6,,1023.2,
2024-06-27,16.4,14.0,21.0,0.1,,,7.2,,1024.7,
2024-06-28,16.3,11.0,21.6,0.1,,,3.8,,1024.5,
2024-06-29,18.3,14.0,24.0,0.0,,,4.1,,1023.3,
2024-06-30,17.2,13.6,22.1,0.0,,,3.4,,1024.6,
2024-07-01,18.4,11.0,25.0,0.0,,,5.4,,1024.8,
2024-07-02,18.6,12.5,24.5,0.0,,,6.2,,1024.4,
2024-07-03,19.1,13.0,25.2,0.0,,,4.7,,1022.9,
2024-07-04,19.2,14.0,25.0,0.0,,,7.7,,1023.5,
2024-07-05,19.1,14.0,25.0,0.0,,,6.5,,1023.4,
2024-07-06,18.7,14.6,23.0,9.1,,,2.3,,1022.0,
2024-07-07,18.0,15.0,24.0,12.0,,,2.3,,1021.2,
2024-07-08,18.7,15.4,26.0,3.7,,,10.5,,1019.4,
2024-07-09,17.9,12.7,24.0,21.9,,,5.0,,1016.9,
2024-07-10,17.1,15.0,20.0,0.3,,,3.0,,1024.1,
2024-07-11,16.8,11.7,22.0,0.0,,,4.6,,1024.6,
2024-07-12,17.7,11.0,24.0,0.0,,,4.0,,1024.5,
2024-07-13,17.8,15.0,23.0,0.0,,,5.6,,1025.0,
2024-07-14,17.6,14.0,22.0,0.0,,,6.7,,1024.8,
2024-07-15,18.5,12.0,24.0,0.0,,,0.8,,1024.3,
2024-07-16,17.3,15.0,20.0,3.2,,,0.8,,1023.3,
2024-07-17,17.1,14.9,22.0,2.7,,,3.5,,1023.4,
2024-07-18,15.8,15.0,18.0,0.5,,,3.4,,1024.7,
2024-07-19,17.0,14.0,21.1,0.0,,,3.8,,1023.1,
2024-07-20,18.2,14.0,22.0,0.0,,,5.8,,1023.8,
2024-07-21,18.1,13.0,25.0,1.2,,,3.8,,1023.2,
2024-07-22,18.3,14.0,24.0,0.0,,,5.5,,1025.4,
2024-07-23,18.0,13.0,24.0,0.0,,,2.3,,1027.1,
2024-07-24,17.3,14.0,22.0,0.0,,,0.5,,1025.5,
2024-07-25,18.4,12.0,25.3,2.3,,,2.8,,1021.6,
2024-07-26,18.7,12.0,25.7,0.4,,,3.8,,1022.2,
2024-07-27,17.2,15.0,20.0,0.5,,,2.4,,1023.3,
2024-07-28,18.3,14.7,23.2,0.5,,,5.3,,1022.2,
2024-07-29,18.9,14.2,24.0,7.3,,,5.4,,1019.9,
2024-07-30,17.8,15.0,23.0,0.0,,,5.3,,1019.8,
2024-07-31,16.9,13.0,21.0,0.1,,,8.1,,1022.7,
2024-08-01,16.9,12.0,22.1,0.1,,,2.1,,1025.1,
2024-08-02,17.0,13.0,21.0,0.0,,,2.6,,1024.7,
2024-08-03,17.3,12.9,21.2,0.0,,,6.2,,1023.6,
2024-08-04,19.2,15.0,26.0,0.0,,,4.5,,1023.8,
2024-08-05,19.1,11.0,27.1,0.0,,,6.3,,1022.4,
2024-08-06,19.0,13.0,26.0,0.0,,,5.7,,1021.2,
2024-08-07,18.0,12.0,23.0,0.0,,,6.3,,1022.2,
2024-08-08,17.5,15.0,21.0,0.5,,,3.4,,1022.7,
2024-08-09,17.0,15.0,20.0,0.8,,,5.4,,1019.9,
2024-08-10,17.5,14.0,23.0,0.0,,,7.4,,1018.8,
2024-08-11,17.5,14.7,21.0,0.0,,,6.4,,1018.4,
2024-08-12,17.5,13.3,23.0,0.0,,,10.9,,1021.6,
2024-08-13,18.7,14.0,24.0,0.0,,,6.2,,1022.6,
2024-08-14,19.5,15.0,25.0,0.0,,,4.1,,1017.0,
2024-08-15,18.7,15.0,24.1,0.5,,,6.0,,1017.4,
2024-08-16,18.2,15.0,24.0,0.5,,,4.2,,1018.6,
2024-08-17,18.4,12.0,25.0,0.0,,,6.6,,1022.7,
2024-08-18,17.6,13.5,23.0,0.1,,,5.1,,1024.6,
2024-08-19,17.6,12.0,24.3,0.0,,,5.6,,1024.2,
2024-08-20,17.6,12.3,23.0,0.0,,,7.4,,1024.4,
2024-08-21,16.9,14.0,20.0,0.0,,,7.2,,1023.0,
2024-08-22,17.3,14.0,22.0,0.4,,,4.4,,1023.1,
2024-08-23,17.9,14.9,22.0,0.6,,,4.7,,1022.4,
2024-08-24,17.2,15.0,20.0,1.9,,,4.1,,1024.0,
2024-08-25,16.9,13.0,21.0,2.1,,,3.1,,1020.1,
2024-08-26,18.3,14.0,23.0,0.0,,,3.6,,1018.8,
2024-08-27,19.0,13.7,24.0,0.0,,,9.1,,1018.4,
2024-08-28,19.1,14.7,25.5,,,,10.7,,,
2024-08-29,20.4,15.7,27.0,,,,5.7,,,
2024-08-30,19.9,14.5,25.6,,,,8.1,,,
2024-08-31,17.8,14.0,25.1,,,,11.8,,,
2024-09-01,18.0,13.7,23.0,,,,4.2,,,
2024-09-02,17.5,14.0,22.0,,,,2.6,,,
2024-09-03,18.2,15.0,22.0,,,,3.8,,,
2024-09-04,17.2,15.0,21.0,0.0,,,3.5,,1025.0,
2024-09-05,18.7,14.0,24.0,0.0,,,4.4,,1024.1,
2024-09-06,18.0,15.0,22.0,7.0,,,8.6,,1023.7,
2024-09-07,19.1,14.0,24.5,0.0,,,7.8,,1024.4,
2024-09-08,19.9,12.6,27.0,0.0,,,6.4,,1024.6,
2024-09-09,20.5,14.5,28.2,0.0,,,5.8,,1023.8,
2024-09-10,21.1,14.4,28.0,0.0,,,10.4,,1023.8,
2024-09-11,20.6,13.0,28.0,0.0,,,7.3,,1023.5,
2024-09-12,19.8,12.5,27.0,0.0,,,7.2,,1023.5,
2024-09-13,19.5,14.0,27.0,0.0,,,6.3,,1023.4,
2024-09-14,19.5,13.3,26.2,0.0,,,6.7,,1022.3,
2024-09-15,20.0,12.7,28.0,0.0,,,8.4,,1022.7,
2024-09-16,19.5,14.0,27.0,0.1,,,7.1,,1018.1,
2024-09-17,19.1,14.5,25.2,0.0,,,6.8,,1024.0,
2024-09-18,20.4,15.0,27.5,0.0,,,7.7,,1022.9,
2024-09-19,20.4,15.0,27.9,0.2,,,8.5,,1020.3,
2024-09-20,20.3,14.0,28.2,2.2,,,2.6,,1021.6,
2024-09-21,20.0,15.9,27.0,0.2,,,6.2,,1021.9,
2024-09-22,20.6,16.0,26.0,0.0,,,8.3,,1021.2,
2024-09-23,18.7,14.0,24.0,0.0,,,3.6,,1023.9,
2024-09-24,19.1,12.0,25.3,0.0,,,7.2,,1017.3,
2024-09-25,18.8,11.6,25.4,0.0,,,5.0,,1017.0,
2024-09-26,19.5,11.1,27.7,0.0,,,3.5,,1015.8,
2024-09-27,20.3,14.6,28.0,0.2,,,2.1,,1014.8,
2024-09-28,19.2,14.3,27.4,1.1,,,7.7,,1014.0,
2024-09-29,18.8,14.0,27.7,8.7,,,9.7,,1014.5,
2024-09-30,19.8,14.0,27.0,6.1,,,7.2,,1017.1,
2024-10-01,21.7,17.0,28.0,0.7,,,8.9,,1020.9,
2024-10-02,20.4,16.4,25.5,1.5,,,9.3,,1019.4,
2024-10-03,19.5,15.0,23.7,1.1,,,6.9,,1022.7,
2024-10-04,19.1,13.0,27.0,0.0,,,5.4,,1023.2,
2024-10-05,19.1,15.7,25.0,1.0,,,3.6,,1021.9,
2024-10-06,18.9,15.0,24.0,1.7,,,0.0,,1022.6,
2024-10-07,19.3,15.5,23.7,0.9,,,7.9,,1023.0,
2024-10-08,20.4,16.0,26.0,0.3,,,7.1,,1023.3,
2024-10-09,20.2,16.0,27.0,0.1,,,7.2,,1024.2,
2024-10-10,19.3,15.7,25.0,0.0,,,7.7,,1023.2,
2024-10-11,20.3,16.0,27.4,0.6,,,7.8,,1022.8,
2024-10-12,19.7,15.0,26.0,1.7,,,10.0,,1023.3,
2024-10-13,19.5,15.2,25.0,7.8,,,8.0,,1024.3,
2024-10-14,20.3,13.7,27.6,0.0,,,10.2,,1023.0,
2024-10-15,20.4,15.0,29.0,0.5,,,5.3,,1022.0,
2024-10-16,21.3,17.0,28.0,0.0,,,7.6,,1023.2,
2024-10-17,22.2,15.8,28.0,0.2,,,7.2,,1022.7,
2024-10-18,19.3,15.0,27.0,2.2,,,3.0,,1021.8,
2024-10-19,19.0,16.1,24.8,6.6,,,5.5,,1018.5,
2024-10-20,19.6,15.2,24.7,10.1,,,8.4,,1019.9,
2024-10-21,20.9,17.0,26.0,1.6,,,8.4,,1022.5,
2024-10-22,20.9,15.6,27.0,0.0,,,7.9,,1022.9,
2024-10-23,21.0,15.8,27.1,0.6,,,6.2,,1022.8,
2024-10-24,21.0,16.0,27.0,0.1,,,7.0,,1019.3,
2024-10-25,21.1,13.9,28.0,0.1,,,10.1,,1019.6,
2024-10-26,22.3,17.5,28.0,0.0,,,8.8,,1020.8,
2024-10-27,22.8,18.6,28.0,1.4,,,8.4,,1021.1,
2024-10-28,21.8,18.0,28.0,0.1,,,7.6,,1017.5,
2024-10-29,20.9,14.2,28.4,0.0,,,14.3,,1014.1,
2024-10-30,21.7,13.2,28.4,0.0,,,12.7,,1015.1,
2024-10-31,22.2,15.0,29.0,0.0,,,4.6,,1019.6,
2024-11-01,21.9,18.0,27.0,1.5,,,8.0,,1021.5,
2024-11-02,21.0,16.0,27.0,0.3,,,10.7,,1021.8,
2024-11-03,21.7,16.7,27.7,0.6,,,6.7,,1022.7,
2024-11-04,22.3,15.9,28.0,0.2,,,9.8,,1021.4,
2024-11-05,21.2,17.5,27.0,3.0,,,8.6,,1020.6,
2024-11-06,20.0,16.7,26.0,1.7,,,4.5,,1021.5,
2024-11-07,19.0,17.0,23.0,4.8,,,0.0,,1022.5,
2024-11-08,19.4,16.0,25.0,7.1,,,0.8,,1022.5,
2024-11-09,20.3,16.0,25.0,0.6,,,0.3,,1020.9,
2024-11-10,19.9,17.0,24.0,2.4,,,0.0,,1020.5,
2024-11-11,18.6,15.0,23.0,6.0,,,0.0,,1022.9,
2024-11-12,20.7,16.0,26.0,0.0,,,0.0,,1022.0,
2024-11-13,19.8,17.5,25.0,3.9,,,0.0,,1021.5,
2024-11-14,20.3,15.7,26.0,5.2,,,2.7,,1021.3,
2024-11-15,18.9,16.7,22.0,8.8,,,6.4,,1021.6,
2024-11-16,17.3,15.0,19.0,7.1,,,0.7,,1020.8,
2024-11-17,19.6,13.8,24.6,2.5,,,2.9,,1020.6,
2024-11-18,20.8,14.7,26.0,0.5,,,13.8,,1020.7,
2024-11-19,20.8,15.3,26.0,1.6,,,13.5,,1021.1,
2024-11-20,19.7,16.1,25.0,1.9,,,14.4,,1019.5,
2024-11-21,19.3,15.8,23.0,4.7,,,11.9,,1020.9,
2024-11-22,20.3,17.0,25.0,0.7,,,3.2,,1020.7,
2024-11-23,20.1,16.6,25.1,1.8,,,0.4,,1021.4,
2024-11-24,20.1,17.7,25.0,18.9,,,1.2,,1020.7,
2024-11-25,18.2,16.6,23.3,14.8,,,1.1,,1021.5,
2024-11-26,20.0,15.9,25.0,3.0,,,7.0,,1020.2,
2024-11-27,19.7,17.0,23.0,5.1,,,0.4,,1021.2,
2024-11-28,21.0,17.6,26.0,5.5,,,7.0,,1021.8,
2024-11-29,20.4,15.7,26.0,4.0,,,9.2,,1022.3,
2024-11-30,19.4,14.7,25.5,0.9,,,6.0,,1021.6,
2024-12-01,19.8,14.9,25.0,1.7,,,13.8,,1021.0,
2024-12-02,19.6,17.0,24.0,0.3,,,9.6,,1020.3,
2024-12-03,20.0,17.0,24.5,1.5,,,11.1,,1019.9,
2024-12-04,20.2,16.6,25.0,0.0,,,13.9,,1021.5,
2024-12-05,20.6,17.0,25.1,0.1,,,9.0,,1022.2,
2024-12-06,20.6,17.0,26.0,0.0,,,9.7,,1021.7,
2024-12-07,20.9,16.0,26.0,0.1,,,10.3,,1018.7,
2024-12-08,21.0,16.0,26.4,0.0,,,10.8,,1016.2,
2024-12-09,20.4,16.5,26.0,0.4,,,10.9,,1016.0,
2024-12-10,20.6,16.0,25.8,,,,11.2,,,
2024-12-11,20.3,16.0,26.0,0.0,,,12.4,,,
2024-12-12,20.5,14.9,24.8,,,,9.8,,,
2024-12-13,21.5,15.2,26.5,0.0,,,7.9,,,
2024-12-14,22.3,18.0,29.0,0.3,,,6.4,,1020.3,
2024-12-15,21.5,17.2,27.1,0.6,,,10.7,,1020.7,
2024-12-16,20.5,16.6,25.7,1.6,,,12.4,,1021.7,
2024-12-17,20.5,17.0,26.0,0.6,,,12.3,,1021.7,
2024-12-18,20.2,15.0,27.0,0.3,,,13.4,,1020.4,
2024-12-19,19.2,15.8,25.5,13.3,,,2.5,,1022.0,
2024-12-20,19.9,16.0,25.2,4.6,,,4.6,,1021.9,
2024-12-21,18.9,16.0,24.7,7.0,,,4.4,,1022.5,
2024-12-22,19.9,17.0,24.0,1.7,,,8.7,,1022.1,
2024-12-23,20.5,17.0,25.1,3.3,,,11.4,,1022.3,
2024-12-24,20.4,17.0,25.0,6.4,,,8.4,,1022.1,
2024-12-25,19.7,17.0,24.4,5.4,,,11.3,,1021.9,
2024-12-26,20.1,16.7,25.0,2.6,,,7.6,,1022.5,
2024-12-27,19.9,16.0,24.2,0.0,,,12.2,,1023.5,
2024-12-28,20.3,16.2,25.2,0.0,,,7.5,,1023.2,
2024-12-29,20.6,15.0,26.0,0.0,,,8.5,,1022.0,
2024-12-30,20.6,16.0,26.0,0.0,,,8.5,,1021.8,
2024-12-31,20.8,16.2,26.0,0.3,,,9.3,,1021.3,
2025-01-01,21.4,17.0,25.5,0.2,,,11.4,,1021.2,
2025-01-02,19.9,2.0,25.6,0.2,,,11.4,,1020.9,
2025-01-03,20.3,16.0,25.0,0.0,,,10.6,,1022.2,
2025-01-04,20.8,17.0,26.0,1.2,,,11.8,,1021.9,
2025-01-05,20.3,17.0,25.0,1.0,,,12.7,,1021.8,
2025-01-06,19.6,14.0,25.0,0.0,,,11.1,,1021.9,
2025-01-07,20.4,14.0,27.0,0.0,,,7.6,,1021.9,
2025-01-08,21.1,14.0,28.5,0.0,,,6.9,,1021.0,
2025-01-09,21.7,16.4,28.0,1.2,,,8.5,,1020.2,
2025-01-10,21.1,17.0,26.7,0.6,,,12.7,,1022.4,
2025-01-11,21.2,16.5,26.0,0.0,,,10.5,,1022.2,
2025-01-12,21.7,15.3,27.2,0.0,,,12.9,,1019.2,
2025-01-13,22.0,17.0,27.0,0.0,,,11.2,,1019.7,
2025-01-14,21.0,17.0,26.0,0.0,,,10.2,,1018.7,
2025-01-15,18.7,14.7,24.0,0.0,,,10.8,,1022.1,
2025-01-16,19.8,14.7,25.1,0.0,,,14.0,,1021.3,
2025-01-17,20.4,15.0,26.1,0.0,,,13.9,,1020.5,
2025-01-18,21.6,14.0,29.0,0.0,,,10.2,,1020.4,
2025-01-19,22.6,17.7,29.0,0.5,,,8.5,,1020.0,
2025-01-20,22.6,16.0,29.2,0.0,,,7.3,,1020.8,
2025-01-21,22.4,17.0,29.0,0.0,,,10.2,,1021.0,
2025-01-22,22.0,15.6,28.2,0.0,,,11.6,,1017.3,
2025-01-23,21.5,15.4,28.0,0.0,,,12.9,,1018.3,
2025-01-24,21.7,16.0,28.2,0.0,,,10.2,,1017.7,
2025-01-25,21.2,16.0,29.0,7.3,,,9.3,,1019.6,
2025-01-26,19.4,16.0,27.3,1.3,,,4.7,,1020.8,
2025-01-27,19.4,16.7,25.0,0.0,,,4.6,,1020.6,
2025-01-28,19.0,16.0,25.0,6.1,,,5.3,,1020.1,
2025-01-29,20.4,15.5,27.0,15.5,,,2.8,,1020.6,
2025-01-30,18.1,15.0,22.0,11.0,,,5.8,,1021.5,
2025-01-31,20.1,14.7,26.0,0.4,,,8.9,,1020.2,
2025-02-01,21.7,18.0,26.2,0.9,,,7.6,,1020.2,
2025-02-02,21.1,17.0,26.0,0.0,,,5.5,,1019.6,
2025-02-03,21.7,18.0,26.0,0.0,,,10.6,,1018.6,
2025-02-04,20.5,16.8,24.2,0.0,,,10.2,,1018.8,
2025-02-05,20.6,15.0,26.2,0.0,,,11.6,,1019.5,
2025-02-06,21.1,16.0,27.0,0.0,,,9.9,,1018.3,
2025-02-07,21.4,17.0,26.2,0.0,,,12.2,,1019.9,
2025-02-08,22.5,17.0,28.2,0.0,,,10.1,,1020.4,
2025-02-09,22.7,17.0,28.5,0.0,,,7.9,,1020.7,
2025-02-10,22.7,18.0,28.4,0.0,,,14.6,,1018.7,
2025-02-11,21.7,17.0,27.0,0.4,,,16.0,,1020.7,
2025-02-12,20.6,16.0,26.5,1.5,,,17.8,,1017.3,
2025-02-13,20.5,16.5,25.2,3.4,,,19.1,,1018.9,
2025-02-14,21.8,16.0,27.5,0.0,,,10.2,,1020.3,
2025-02-15,23.2,17.0,29.1,0.0,,,11.4,,1020.4,
2025-02-16,23.4,19.0,28.5,0.5,,,11.2,,1018.4,
2025-02-17,22.4,18.0,28.0,0.0,,,12.7,,1020.0,
2025-02-18,22.9,19.0,28.0,0.0,,,12.1,,1021.1,
2025-02-19,22.6,15.5,29.1,0.0,,,7.2,,1020.2,
2025-02-20,22.9,15.6,29.3,0.0,,,7.6,,1020.5,
2025-02-21,22.2,14.7,29.0,0.0,,,11.7,,1020.2,
2025-02-22,21.7,14.0,28.0,0.0,,,17.6,,1021.6,
2025-02-23,21.9,12.0,28.0,0.0,,,13.7,,1022.5,
2025-02-24,21.8,14.5,28.0,0.0,,,12.5,,1021.9,
2025-02-25,22.0,15.2,28.0,0.0,,,13.5,,1021.4,
2025-02-26,21.5,15.0,28.0,0.0,,,12.8,,1021.0,
2025-02-27,23.3,16.0,30.0,0.0,,,13.8,,1016.3,
2025-02-28,23.4,14.0,30.0,0.0,,,9.9,,1021.7,
2025-03-01,22.6,16.0,30.0,0.0,,,11.9,,1020.2,
2025-03-02,22.8,18.0,29.0,0.0,,,14.1,,1020.9,
2025-03-03,22.9,17.0,29.0,0.0,,,13.9,,1018.9,
2025-03-04,22.6,18.0,29.0,0.0,,,11.1,,1018.2,
2025-03-05,22.9,17.7,29.4,0.0,,,15.7,,1016.3,
2025-03-06,22.7,16.8,29.0,0.0,,,13.2,,1020.6,
2025-03-07,23.5,17.0,30.0,0.0,,,11.4,,1021.3,
2025-03-08,23.4,18.0,28.5,1.2,,,15.0,,1018.1,
2025-03-09,22.7,18.0,29.2,2.7,,,10.3,,1019.1,
2025-03-10,20.2,17.0,25.1,17.0,,,8.2,,1021.0,
2025-03-11,22.0,18.0,27.1,5.3,,,7.8,,1019.5,
2025-03-12,20.9,17.0,26.0,1.2,,,7.3,,1016.1,
2025-03-13,21.5,18.0,27.0,2.1,,,6.9,,1013.8,
2025-03-14,23.1,16.0,29.5,,,,9.3,,1013.0,
2025-03-15,22.8,15.2,29.0,,,,8.6,,,
2025-03-16,22.9,18.0,28.0,,,,5.0,,,
2025-03-17,21.4,14.9,26.3,,,,6.8,,,
2025-03-18,20.7,17.0,25.0,0.0,,,14.7,,,
2025-03-19,20.1,15.5,24.2,11.9,,,11.8,,,
2025-03-20,19.2,15.3,24.9,8.9,,,12.7,,,
2025-03-21,20.7,14.6,25.7,0.0,,,9.8,,,
2025-03-22,21.2,15.0,26.0,2.5,,,10.9,,1021.8,
2025-03-23,21.1,18.0,25.0,2.0,,,13.3,,1021.2,
2025-03-24,21.2,18.0,26.0,0.6,,,9.3,,1023.4,
2025-03-25,21.0,16.0,26.5,4.5,,,11.0,,1022.5,
2025-03-26,20.4,16.8,25.2,2.9,,,14.4,,1021.2,
2025-03-27,19.9,17.1,24.0,2.0,,,7.4,,1019.3,
2025-03-28,18.6,16.6,23.2,5.1,,,11.8,,1017.6,
2025-03-29,19.5,15.2,25.0,1.4,,,9.2,,1018.1,
2025-03-30,20.9,18.0,26.0,3.0,,,11.8,,1020.3,
2025-03-31,19.5,16.2,25.0,9.0,,,13.3,,1020.8,
2025-04-01,20.6,17.0,25.0,0.5,,,9.0,,1020.6,
2025-04-02,21.6,17.7,27.0,0.2,,,9.3,,1020.7,
2025-04-03,21.4,17.7,34.0,5.0,,,7.1,,1021.4,
2025-04-04,20.8,17.8,26.0,4.4,,,8.2,,1021.0,
2025-04-05,20.4,16.0,25.2,6.1,,,12.5,,1020.4,
2025-04-06,19.2,17.0,24.0,17.4,,,13.5,,1020.5,
2025-04-07,20.2,17.0,25.0,4.3,,,12.1,,1022.3,
2025-04-08,20.9,14.9,27.0,1.1,,,3.5,,1022.3,
2025-04-09,21.2,15.0,27.4,0.2,,,9.7,,1023.4,
2025-04-10,19.3,17.0,24.0,4.4,,,6.7,,1022.9,
2025-04-11,19.3,14.7,27.0,4.2,,,4.9,,1019.5,
2025-04-12,19.3,15.0,25.0,9.4,,,5.9,,1020.7,
2025-04-13,19.9,16.1,26.0,7.0,,,7.1,,1021.8,
2025-04-14,20.6,16.7,26.0,3.3,,,6.4,,1022.0,
2025-04-15,20.9,17.0,26.0,2.4,,,8.7,,1020.0,
2025-04-16,20.8,16.0,26.0,1.7,,,6.6,,1022.9,
2025-04-17,21.0,15.2,26.5,2.2,,,7.2,,1022.3,
2025-04-18,20.7,17.0,27.0,7.6,,,6.6,,1022.1,
2025-04-19,20.1,16.0,28.0,15.9,,,6.4,,1020.7,
2025-04-20,19.5,17.0,26.0,20.2,,,4.7,,1021.4,
2025-04-21,19.9,16.0,26.5,1.7,,,6.9,,1022.1,
2025-04-22,20.0,17.0,25.0,7.6,,,10.1,,1022.3,
2025-04-23,17.8,16.0,21.1,7.9,,,12.7,,1021.2,
2025-04-24,19.1,15.0,24.0,3.3,,,12.0,,1022.3,
2025-04-25,19.8,16.7,24.1,2.7,,,14.4,,1022.5,
2025-04-26,19.8,14.0,26.0,0.3,,,6.3,,1022.3,
2025-04-27,20.7,16.0,26.0,0.2,,,8.5,,1022.0,
2025-04-28,20.7,16.0,27.0,1.0,,,6.9,,1020.9,
2025-04-29,20.2,16.3,25.2,1.6,,,9.2,,1017.4,
2025-04-30,19.7,16.2,24.0,4.0,,,10.9,,1018.8,
2025-05-01,20.9,16.0,26.0,0.5,,,7.6,,1021.5,
2025-05-02,20.8,15.7,26.2,9.6,,,6.9,,1022.0,
2025-05-03,21.4,16.2,27.1,1.5,,,8.1,,1021.3,
2025-05-04,21.1,17.0,26.2,18.5,,,5.9,,1021.9,
2025-05-05,19.8,17.5,24.0,16.5,,,7.0,,1023.5,
2025-05-06,18.9,16.6,24.0,20.1,,,4.6,,1024.1,
2025-05-07,19.4,15.5,25.0,7.8,,,4.4,,1023.5,
2025-05-08,19.2,14.5,24.0,1.5,,,7.4,,1022.9,
2025-05-09,19.5,15.0,25.6,1.8,,,6.3,,1023.2,
2025-05-10,20.0,17.0,25.1,5.8,,,7.7,,1023.5,
2025-05-11,19.2,16.7,25.0,7.2,,,5.2,,1023.4,
2025-05-12,19.8,16.0,25.2,9.1,,,6.9,,1023.8,
2025-05-13,18.7,16.7,24.0,8.8,,,8.4,,1024.5,
2025-05-14,19.2,15.0,23.0,2.6,,,6.8,,1024.4,
2025-05-15,19.4,16.0,24.5,1.2,,,7.0,,1023.4,
2025-05-16,19.8,15.0,25.2,0.6,,,6.5,,1023.0,
2025-05-17,19.5,15.2,24.0,0.1,,,8.9,,1023.2,
2025-05-18,19.8,15.6,25.0,8.8,,,6.0,,1022.3,
2025-05-19,19.5,16.5,24.0,2.6,,,8.8,,1022.4,
2025-05-20,19.8,16.6,24.4,4.0,,,9.2,,1022.5,
2025-05-21,19.7,16.0,25.0,0.5,,,6.0,,1023.2,
2025-05-22,19.7,17.0,26.0,1.4,,,6.0,,1024.1,
2025-05-23,19.9,16.0,24.0,1.5,,,4.4,,1024.3,
2025-05-24,19.8,15.6,25.0,0.2,,,5.6,,1023.2,
2025-05-25,18.8,15.6,23.0,0.0,,,12.3,,1024.6,
2025-05-26,19.6,16.0,25.0,1.0,,,7.0,,1025.5,
2025-05-27,18.9,16.0,23.6,6.9,,,6.3,,1025.8,
2025-05-28,18.8,15.0,23.1,1.0,,,6.9,,1026.0,
2025-05-29,19.1,15.7,23.2,2.4,,,8.6,,1025.7,
2025-05-30,19.1,13.9,25.0,0.0,,,8.6,,1025.2,
2025-05-31,18.8,14.0,25.0,0.0,,,8.1,,1025.6,
2025-06-01,18.8,14.0,23.5,1.4,,,7.7,,1026.6,
2025-06-02,19.7,16.0,24.0,2.5,,,6.0,,1025.4,
2025-06-03,19.3,14.0,24.2,0.0,,,7.7,,1024.3,
2025-06-04,19.5,15.0,24.8,0.2,,,10.7,,1020.0,
2025-06-05,18.4,15.0,24.8,3.5,,,8.6,,1020.4,
2025-06-06,18.2,14.8,23.5,14.7,,,7.9,,1023.1,
2025-06-07,18.6,14.0,24.0,3.2,,,5.8,,1026.0,
2025-06-08,19.3,15.0,24.0,5.9,,,7.1,,1026.0,
2025-06-09,18.4,14.6,24.0,12.4,,,9.4,,1026.1,
2025-06-10,18.6,13.0,25.0,0.8,,,5.6,,1024.6,
2025-06-11,18.8,13.7,23.2,0.9,,,7.3,,1023.7,
2025-06-12,19.0,14.7,23.0,2.3,,,7.3,,1024.0,
2025-06-13,19.0,13.0,24.0,0.0,,,6.3,,1024.4,
2025-06-14,18.8,12.7,24.0,0.0,,,5.8,,1025.4,
2025-06-15,17.9,14.0,22.0,0.0,,,5.9,,1025.7,
2025-06-16,17.6,13.5,21.0,0.2,,,2.9,,1025.9,
2025-06-17,18.6,15.0,24.0,0.5,,,4.0,,1025.4,
2025-06-18,19.4,14.0,24.0,0.0,,,4.9,,1024.2,
2025-06-19,19.1,15.7,24.1,0.1,,,4.1,,1025.5,
2025-06-20,18.1,14.0,25.0,7.7,,,6.4,,1025.5,
2025-06-21,19.5,15.0,25.1,2.6,,,4.3,,1024.6,
2025-06-22,18.9,15.0,24.0,1.1,,,7.1,,1024.6,
2025-06-23,18.1,15.0,22.7,0.1,,,6.2,,1024.8,
2025-06-24,18.1,13.0,25.0,0.0,,,5.0,,1024.8,
2025-06-25,18.0,13.7,23.2,0.7,,,4.0,,1025.0,
2025-06-26,17.8,16.0,23.0,7.8,,,5.7,,1024.8,
2025-06-27,20.0,15.6,27.0,0.1,,,4.1,,1023.6,
2025-06-28,18.1,15.0,23.0,1.6,,,4.9,,1023.7,
2025-06-29,16.8,14.0,21.0,0.7,,,6.4,,1024.2,
2025-06-30,16.8,14.0,19.2,0.0,,,5.9,,1024.2,
2025-07-01,17.7,13.0,23.0,0.4,,,4.0,,1024.4,
2025-07-02,18.3,14.6,23.1,0.2,,,7.7,,1025.2,
2025-07-03,18.4,15.0,23.0,0.7,,,6.0,,1024.7,
2025-07-04,18.6,15.0,24.2,1.2,,,4.0,,1025.3,
2025-07-05,17.2,15.0,21.0,1.3,,,4.2,,1025.3,
2025-07-06,18.0,15.0,23.1,1.6,,,6.1,,1020.3,
2025-07-07,17.6,14.9,21.8,1.6,,,9.8,,1018.6,
2025-07-08,16.8,14.0,21.0,1.2,,,5.5,,1023.0,
2025-07-09,16.2,14.0,20.0,0.4,,,7.4,,1024.4,
2025-07-10,17.8,14.7,22.1,0.1,,,5.3,,1024.6,
2025-07-11,18.0,14.5,22.0,1.9,,,6.1,,1023.9,
2025-07-12,18.7,14.6,24.5,0.6,,,6.6,,1025.0,
2025-07-13,17.5,15.0,21.0,1.5,,,6.4,,1026.1,
2025-07-14,18.1,14.0,24.0,0.2,,,2.4,,1026.2,
2025-07-15,18.2,14.6,23.0,0.3,,,3.7,,1025.3,
2025-07-16,18.2,14.5,23.0,0.5,,,4.8,,1025.0,
2025-07-17,18.9,14.0,25.0,1.7,,,3.0,,1025.7,
2025-07-18,18.2,14.0,24.0,0.9,,,5.8,,1025.6,
2025-07-19,18.8,14.7,25.5,0.4,,,6.1,,1024.4,
2025-07-20,16.8,12.0,23.0,0.0,,,2.8,,1024.1,
2025-07-21,17.6,11.0,24.3,0.0,,,8.0,,1022.8,
2025-07-22,17.2,13.0,23.8,0.1,,,9.8,,1021.0,
2025-07-23,16.2,12.4,19.0,0.0,,,5.1,,1023.8,
2025-07-24,18.1,11.5,25.2,0.0,,,5.0,,1024.6,
2025-07-25,17.7,12.0,26.0,0.0,,,7.7,,1024.3,
2025-07-26,18.8,12.0,26.0,0.0,,,8.0,,1024.9,
2025-07-27,17.5,13.0,24.0,0.0,,,3.0,,1025.6,
2025-07-28,18.2,10.5,25.0,0.0,,,7.3,,1024.8,
2025-07-29,17.0,13.7,22.1,0.0,,,6.7,,1026.8,
2025-07-30,17.5,13.0,24.5,0.0,,,11.9,,1027.3,
2025-07-31,17.3,12.0,24.0,0.7,,,5.0,,1026.8,
2025-08-01,16.8,14.1,20.2,0.3,,,5.3,,1025.6,
2025-08-02,17.5,14.7,23.7,0.2,,,5.2,,1024.5,
2025-08-03,18.0,15.0,23.0,0.0,,,6.8,,1024.3,
2025-08-04,18.1,12.6,24.0,0.0,,,6.2,,1023.3,
2025-08-05,17.4,11.0,23.0,0.0,,,7.0,,1025.4,
2025-08-06,18.7,11.0,26.0,0.2,,,6.8,,1023.5,
2025-08-07,18.9,15.0,25.2,6.5,,,4.4,,1021.7,
2025-08-08,18.4,14.0,24.0,14.9,,,7.7,,1021.7,
2025-08-09,16.4,14.0,19.0,2.6,,,2.3,,1024.0,
2025-08-10,17.4,13.9,21.7,0.9,,,5.2,,1021.4,
2025-08-11,16.9,12.8,21.6,0.7,,,9.3,,1020.0,
2025-08-12,16.7,14.0,19.0,0.5,,,3.5,,1023.6,
2025-08-13,17.8,11.0,24.0,0.3,,,6.4,,1023.3,
2025-08-14,19.2,13.5,25.0,0.1,,,4.9,,1024.1,
2025-08-15,18.3,14.7,23.4,0.1,,,6.5,,1020.7,
2025-08-16,17.8,13.8,24.2,4.6,,,7.9,,1016.3,
2025-08-17,17.7,12.8,24.0,12.3,,,8.3,,1019.4,
2025-08-18,15.6,14.5,16.3,23.5,,,4.1,,1024.7,
2025-08-19,16.4,14.0,20.0,1.9,,,7.0,,1024.2,
2025-08-20,17.3,13.0,22.2,0.2,,,5.3,,1022.4,
2025-08-21,17.1,12.9,22.2,0.3,,,9.2,,1021.9,
2025-08-22,17.1,13.0,22.5,0.0,,,9.2,,1020.1,
2025-08-23,16.0,12.3,19.6,0.0,,,9.3,,1017.7,
2025-08-24,17.6,12.2,23.2,1.4,,,11.1,,1021.9,
2025-08-25,19.1,15.0,25.0,0.8,,,9.3,,1024.8,
2025-08-26,18.2,12.8,24.0,0.3,,,10.9,,1024.7,
2025-08-27,19.7,15.0,27.0,0.0,,,8.3,,1025.1,
2025-08-28,18.8,13.1,26.0,0.0,,,12.9,,1024.3,
2025-08-29,17.7,12.0,24.0,0.0,,,12.6,,1023.9,
2025-08-30,18.1,13.0,25.0,0.0,,,10.8,,1025.1,
2025-08-31,17.7,11.0,24.7,0.0,,,9.2,,1023.5,
2025-09-01,19.0,14.0,26.0,0.2,,,11.1,,1023.9,
2025-09-02,18.3,11.9,25.0,0.0,,,11.5,,1023.2,
2025-09-03,18.5,11.7,25.0,0.0,,,11.2,,1023.0,
2025-09-04,17.6,12.0,24.0,0.4,,,11.9,,1022.6,
2025-09-05,18.8,13.0,25.0,0.0,,,10.0,,1022.1,
2025-09-06,19.3,12.0,27.0,0.0,,,10.2,,1022.5,
2025-09-07,18.9,12.0,26.0,0.0,,,12.3,,1024.1,
2025-09-08,19.4,14.0,26.0,0.0,,,12.3,,1022.7,
2025-09-09,19.6,15.8,26.0,2.1,,,14.0,,1023.4,
2025-09-10,20.1,15.0,26.5,0.3,,,7.1,,1024.9,
2025-09-11,19.8,16.0,25.0,0.0,,,6.4,,1024.7,
2025-09-12,19.0,14.0,26.3,0.0,,,6.7,,1022.5,
2025-09-13,19.8,14.0,28.0,0.0,,,7.9,,1023.9,
2025-09-14,20.6,12.0,28.0,0.2,,,10.1,,1023.1,
2025-09-15,19.4,13.0,27.0,2.6,,,5.5,,1023.0,
2025-09-16,19.8,13.0,28.0,0.2,,,4.2,,1022.8,
2025-09-17,20.7,13.0,27.0,0.1,,,8.2,,1022.9,
2025-09-18,20.8,17.0,26.0,3.3,,,9.6,,1023.1,
2025-09-19,20.2,16.0,27.0,3.3,,,9.8,,1023.6,
2025-09-20,19.1,14.0,26.0,0.0,,,8.0,,1025.0,
2025-09-21,19.3,15.0,25.0,1.4,,,5.9,,1024.3,
2025-09-22,19.1,14.0,26.0,1.1,,,6.3,,1024.7,
2025-09-23,19.2,15.0,24.0,0.7,,,6.3,,1025.5,
2025-09-24,19.3,14.0,26.0,0.0,,,6.9,,1023.2,
2025-09-25,19.5,13.0,28.0,0.0,,,6.8,,1021.5,
2025-09-26,19.7,14.1,27.4,0.0,,,8.4,,1016.8,
2025-09-27,20.2,13.7,27.0,0.5,,,12.1,,1020.4,
2025-09-28,20.3,15.0,26.6,0.2,,,8.2,,1021.4,
2025-09-29,19.8,15.0,28.0,1.9,,,4.7,,1022.0,
2025-09-30,20.5,14.0,28.0,2.8,,,5.4,,1021.7,
2025-10-01,20.4,11.0,29.1,0.0,,,7.1,,1018.4,
2025-10-02,20.2,12.3,28.1,0.0,,,10.8,,1014.4,
2025-10-03,19.1,13.5,27.2,11.2,,,11.2,,1015.7,
2025-10-04,20.2,16.6,25.0,0.0,,,13.3,,,
2025-10-05,19.9,15.8,24.9,0.0,,,11.7,,,
